{
  "injector": {
    "enable": true,
    "print_loaded_modules": false
  },
  "allocate_console": false,
  "tunnel_decoder": {
    "enable": false,
    "mapping": ""
  },
  "character_substitution": {
    "enable": true,
    "source_characters":"麼這緊開鶺給確実還槇謝堯畢別過訓練話龜誰遙種関樣時頼説邊ー鶫視頻勢鼇愛対凜養鼕覚講園鵤讓歓談緩現応該剛夥細総動飯為問狢職場負嚇銭親復計絶爾類習慣約見淨雖晩記們縁環長鶇鹹題歳皷憶鷁騙純経東戯張評嘆満煩悩僅圧達備電謂級興軽頂員認請識髪鮓態優鯔齒紀鶯変贏選許盤貨傷噴幇検査紙朶適撓麁間較進険術顛鯆執奮頭齊錯臉頬難挙繞瑤鞁熱膩騰漲貪産簡潤際顕換嗚鰡撲脳処伝陣痺絲終輪鵺強齣顫軟討厭渾揺撫劇漸単帯側飄観麭縫囲弾線駲詞離齧帥継続夾毎桜異喩紐鐔標師順議婦薬懐慮亀撈滲遅陰暫両結紅閃爍艶暈貼縮脹熾極創録連義徳豐倣戰烱櫓務専雑渋鷽喞塗剤靜響墾運鈴嘖鮠飛釈呑駆顧鬘誘積攅襲鉤読語鋺霊擠錚溝採膚蕩奨費鰕漣豼鄰嬌節繼楽飽飢餓擺縦瘋撹団導痙攣労圓資隠藝劃頓転門規則暢偸賞騎珎鱇嚶撃釿臓牽鋭驚調納驗覩厠齡項鍵階憂趨籌擾懃馬駁齢悪買勁誤鰰鷏論倫逓証書戸謄點媽輩瞞訴鳧鎬護試吶歩邁鰆辯紹験額敗歴閑懶聯療設棟黨鍋償糾擁纏黒穏預嘔鵐鼈骭陽翹鑰鰛幣風詢嫻課遺虧飲並鵞鏝鵁竰営購鶏譜髣麩麥質針責谺皺鹽塊攤筆業績厳顔腸轆維値車測遠圖売薩貴蘰擇閉誇嘗倆臨閙懸鎮鬧鐘詳隣賛妬諍篭鴒鳰濺竜鉋籃揀鵙補損餽勝窩喚湊揚偉釟傾亜燉鮮栲靭渉襯鷆軣鶲滾慶焼領憊鍛煉鼡邏輯綜凍荵違艱羨髱報鈎儀綻餃餡鐇驟奪権鵄罷賦緒寧訂閲痩詐櫃庁舗襃訝廂競篩審諠譌嘩須矯蘿掃袙寛殺聞竪",
    "target_characters":"么这紧开嗯给确实还吧谢啊毕别过训练话吗谁呢种关样时赖说边—喂视频势厉爱对你养啦觉讲园唉让欢谈缓现应该刚伙细总动饭为问诶职场负吓钱亲复计绝尔类习惯约见净虽晚记们缘环长嘻嘿题岁懂忆裤骗纯经东戏张评叹满烦恼仅压达备电谓级兴轻顶员认请识发眯态优咦份纪哎变赢选许盘货伤喷帮检查纸朵适挠躺间较进险术颠趴执奋头咱错脸颊难举绕她舔热腻腾涨贪产简润际显换呜咕扑脑处传阵痹丝终轮盯强沉颤软讨厌浑摇抚剧渐单带侧飘观碰缝围弹线咧词离哪帅继续夹每樱异喻扭呃标师顺议妇药怀虑龟捞渗迟阴暂两结红闪烁艳晕贴缩胀炽极创录连义德丰仿战啵噜务专杂涩哼唧涂剂噗响啃运铃啧啪飞释吞驱顾孽诱积攒袭够读语蹭灵挤挣沟踩肤荡奖费塌涟漪另娇节娆乐饱饥饿摆纵疯搅团导痉挛劳圆资隐艺划顿转门规则畅偷赏骑撸甩嘤击嗒脏牵锐惊调纳嘟囔厕办项键阶忧趋筹扰嘞马驳龄恶买劲误糕丢论伦递证书户誊爸妈辈瞒诉谎搞护试呐步迈啥辩绍验额败历闲懒联疗设栋奶锅偿纠拥缠黑稳预呕吵桌赶阳翘钥耍币风询娴课遗亏饮拼撑碳咖喱营购鸡谱筷傻丫质针责晾皱拖块摊笔业绩严颜肠辘维值车测远图卖萨贵喏择闭垮尝俩临喽悬镇闹钟详邻赞妒睁笼脖砸溅龙跑篮捡扔补损捂胜窝唤凑扬伟扒倾亚炖鲜烤韧涉衬瞪嗨摔滚庆烧领惫锻炼您逻辑综冻舀违艰羡烫报钩仪绽饺馅糙骤夺权歧罢赋绪宁订阅瘦眨柜厅铺煲讶厢竞筛审忐忑哗须矫萝扫帕宽杀闻竖"
  },
  "locale_emulator": {
    "enable": true,
    "codepage": 932,
    "locale": 1041,
    "charset": 128,
    "timezone": "Tokyo Standard Time",
    "wait_for_exit": false
  },
  "font_manager": {
    "enable": true,
    "resource_files": [
      "SIMLI.TTF"
    ],
    "spoof_enumeration": {
      "enable": false,
      "filter_pitch_and_family": 0,
      "filter_charset": 1,
      "spoof_charset": 128
    },
    "spoof_creation": {
      "enable": true,
      "override_face": "LiSu",
      "override_charset": 134,
      "override_height": 60,
      "override_width": 20
    }
  }
}