{
  "injector": {
    "enable": true,
    "print_loaded_modules": false
  },
  "allocate_console": true,
  "character_substitution": {
    "enable": true,
    "source_characters": "樣亜覚賺們進這対話慮説費麼買軟給凜鼕槇錯遙瑤鐘軽種騙雖報張東過狢還試間団讓満龜許実離開終観視線時幇総動鶯歓為結鵐較確設備斉問員順積堯電脳貴絵計興類鶺筆記詐晩飯請別謝経剛髪郵認現語蘰該変閃絲護専査驚訝読親竪連點細関齒適単純調鮓憶顧焼鬚黨業継齡遠絡邊聯両徹傾転夥談師畢義討厭謂囲鰰鏥飄熱鯔習慣長倆簡紹識湯頑鶫豈髣夾鼈擺鍋蘿襯鵤齧臉頬臓練揮馬餓級題煩懐愛漢揚婦毎購煙栲応鰡鰾鱚議誤見緊紅爾罷靜帯隠偸難響櫃阯納鵺養圓弾園僅頭強僂鏡牆釘風鵁鴾寛鉤復雑譜媽皷鉋門闍歩鯣館処鎖伝達陽顕尋論宮補続圖撥麌輩鎬―誰統齣針場摂懃聖環貨簽売醤鬧鴨節煥吶課勁訴書騎車輌聡鷏鐔嚇鍵盤掃哢蝨標撃選擇創鮴勢圧態賞撲礎絶轢顯務嘆刪羅輸執測釈湊閉爺頁術嘩顔啓奮爍換魚鮮櫓緩逓鋭遅鈍輪麁鍼繞潔庁擾饐蘂鈴塊鍜項厠罰異戰軍懲鞨萓戸優歴鷆鯆悶組織貼暫約鵞鹽瑣癆罵劃紛揺職憊餽鳧凍飛軣鰤嗚郷諍絆鶲驫挙・戯鵙搶鶇紙預嘗階傷謹濃嘖懶検賦陣橋際則編輯拡資詞贅竃領紐撹髱濺閲綫藝縁縮樹営寧倣鼇闊巒裃碼構讌楓喩鷁鰆唄紋頓鞜値鳴亀諒聲偵烏漸鮠襍臥協損鉱袙額鰊聞責憤緒谺舗麭飾堅厳陰銀諸鏈羈並側揀鮨鮗駮鞁鷽貝産貢鰌唖躾帥貿減麗霊誘負虧慶濁華潤楽軸蕩鐇誠纏襲縫翹鈕齢極噴汚漬渇鄰鶸膚憫劇撫繃皺橢幣熾奨嬌綢鋺鱇厖歯訂鎮賛筥喚渋朶牽講漲隣縄侶蔭叢篭労艱擠貫鼡讙廃苺鷄釁囂韆勧閑糾運鑰評驕詢憂謙瞞禿擁銭儀呑栄瘋畳龍喪質簾遺鞐鹹輳粛導暈験躍穏塋済億規竜歳髞須澤鑽贐邁輛採甎険檸陳蓮銷灘訓蒼薬悪麩絞奪賽績監縦藍饒隊殺紳顆貪臨鷹鯰躱鏝飲竏獄鮑殻猟違掲鴃鉄豐荅籬髮窺悩訣霧療禪偉証尢搾轉逧艶贏懇権勝犠獲敗紀袰槍膰衆駕衛黴鰺蝦閙審償滅髢絋驗覩鮭頻儲録綜敵顫脇寵膩諾蘭載體籃鞆貭鴒淨頚諱維倫膠鉛鑼轍駁欄庫層匯隨滾馼騰暢釐醫窪祕遜緑廂喞鏘絅嫻塗頼靦鳰飢騒頂鱶辯蠏雛競洶賭苙閇擱懸飃褻鮹鑿踐險鍛煉販撓瀬闢蹌穎綻軌鑚萬擣農粧荵竅隴覧鬨鰕鴪攬顛廟鰛鶏崗烱衵燉諷鑒渦壷綉鴉鈎餘斬賓妬跼鋒駛馴劉腫詳懾贖鰒帰爛霤蠧銹賊駆蟷嶺鈑渉諺襠飽毀鈿窩穢繼訪鰈謖靉錢財閥桜鳥鉐麥銘壇謀薩姉誇蛍暁蘋驟鄭県岡痙攣躪靭竰漁莊島蛯扱倶鑢駲銛嚢齦錦饋擬墳誕燦塩倉冊瀏蘇頒輝艨諜藹襾貍潰孫貧钁綿猯襪飼溌塵雜慚禍娯診鰉朧鯨攤喬竡魯闖餒攅釿蘊窮蹠脹濫鯲繆珎觸墾餅醂浹釣鑑漿鴿詛滲瞼繊錚錐鬢獸靱溝幀訊陸錺轜贈賀澆駝獅撈誂瑪矚顏銕鯉裝顳鯛臍銜澁閧腸災傭誼瀟縛躰",
    "target_characters": "样亚觉赚们进这对话虑说费么买软给你啦吧错呢她钟轻种骗虽报张东过诶还试间团让满吗许实离开终观视线时帮总动哎欢为结吵较确设备齐问员顺积啊电脑贵绘计兴类嗯笔记眨晚饭请别谢经刚发邮认现语喏该变闪丝护专查惊讶读亲竖连爸细关份适单纯调眯忆顾烧碟奶业继办远络边联两彻倾转伙谈师毕义讨厌谓围糕抿飘热咦习惯长俩简绍识汤顽喂岂筷夹桌摆锅萝衬唉哪脸颊脏练挥马饿级题烦怀爱汉扬妇每购焗烤应咕尴尬议误见紧红尔罢噗带隐偷难响柜屉纳盯养圆弹园仅头强搂镜墙钉风咖啡宽够复杂谱妈懂跑门拽步胳馆处锁传达阳显寻论宫补续图拨挡辈搞—谁统沉针场摄嘞圣环货签卖酱闹鸭节焕呐课劲诉书骑车辆聪丢呃吓键盘扫咔哒标击选择创挪势压态赏扑础绝啰嗦务叹删罗输执测释凑闭爷页术哗颜启奋烁换鱼鲜噜缓递锐迟钝轮躺萦绕洁厅扰瞄瞌铃块钮项厕罚异战军惩嘎擞户优历瞪趴闷组织贴暂约撑拖琐唠骂划纷摇职惫捂谎冻飞嗨哟呜乡睁绊摔垫举·戏扔抢嘻纸预尝阶伤谨浓啧懒检赋阵桥际则编辑扩资词赘灶领扭搅烫溅阅饪艺缘缩树营宁仿厉阔峦卡码构嚓枫喻裤啥呗纹顿橱值鸣龟谅忪侦乌渐啪嘀卧协损矿帕额趟闻责愤绪晾铺碰饰坚严阴银诸链羁拼侧捡垃圾揪舔哼贝产贡嗓哑啐帅贸减丽灵诱负亏庆浊华润乐轴荡糙诚缠袭缝翘纽龄极喷污渍渴另扯肤悯剧抚绷皱椭币炽奖娇绸蹭甩庞齿订镇赞嗝唤涩朵牵讲涨邻绳侣荫丛笼劳艰挤贯您撂废呦踢衅嚣妞劝闲纠运钥评骄询忧谦瞒秃拥钱仪吞荣疯叠咙丧质帘遗掐嘿揍肃导晕验跃稳荧济亿规龙岁膛须泽婶妩迈跤踩砖险拧陈莲销滩训苍药恶傻绞夺赛绩监纵蓝饶队杀绅颗贪临鹰俏躲碳饮堇狱鲍壳猎违揭愣铁丰唰篱咚窥恼诀雾疗氯伟证鱿榨乒乓艳赢恳权胜牺获败纪拄枪咂众驾卫霉账虾喽审偿灭嗡逛嘟囔鲑频储录综敌颤胁宠腻诺兰载啤篮瘫嗖脖净颈讳维伦胶铅锣辙驳栏库层汇跺滚眶腾畅疙瘩挖哔逊绿厢唧锵纫娴涂赖腼砸饥骚顶嚷辩犷雏竞汹赌噔讪搁悬蹦亵撇凿墩盔锻炼贩挠濑呛跄颖绽轨钻腌捣农妆舀窍拢览吱塌晌拦颠庙耍鸡岗啵咻炖讽漩涡壶绣鸦钩拎斩宾妒攥锋驶驯刘肿详慑赎磕归烂揽瘸锈贼驱柠岭扳涉谚裆饱毁踮窝秽娆访砰谡呸瞟财阀樱鸟刁丫铭坛谋萨姊垮萤晓捎骤郑县冈痉挛躏韧喱渔螃岛嗬搪俱叽咧哧囊龈锦馈拟坟诞灿盐仓呣浏苏颁辉噶谍蔼撅洼溃孙贫氧绵蔫袜饲泼尘唬惭祸娱诊媳胧鲸摊瞧遛鲁闯馁攒嗒蕴穷搐胀滥咪缪撸叼啃饼摒浃钓鉴浆鸽诅渗睑纤挣锥鬓兽疤沟帧讯陆簌匾赠贺浇驼狮捞掰玛瞩噩崽鲤媲噢鲷脐衔钾憋肠灾佣谊潇缚坝"
  },
  "locale_emulator": {
    "enable": true,
    "codepage": 932,
    "locale": 1041,
    "charset": 128,
    "timezone": "Tokyo Standard Time",
    "wait_for_exit": false
  },
  "font_manager": {
    "enable": true,
    "resource_files": [
      "MSGothic_WenQuanYi_cnjp.ttf"
    ],
    "spoof_enumeration": {
      "enable": false,
      "filter_pitch_and_family": 0,
      "filter_charset": 1,
      "spoof_charset": 128
    },
    "spoof_creation": {
      "enable": true,
      "override_face": "WenQuanYi",
      "override_charset": 0,
      "override_width": 70
    }
  }
}
