{
  "injector": {
    "enable": true,
    "print_loaded_modules": false
  },
  "allocate_console": false,
  "tunnel_decoder": {
    "enable": false,
    "mapping": ""
  },
  "character_substitution": {
    "enable": true,
    "source_characters": "統語現雛齡槇這樣話資間們親経種還頻髪堯類時龜麼鯔凜臉紅総覚鰾鱚剛膚脳揮鼕為瑤讓興過説難徹遙顕長験動視線試転問題絲継続換開隠該齧狢鶫鼇較進劉関戸離邊変態鵙谺東嗚軽飄鶺覧風鷁麭討厭齣頭幇鵺毎皺張麁緊漸預報傾顆貴両義節応晩倣雖満懶対陰終畢遠別遅寛鐔錯確実議紀園強復雑謝揺貼結責鹽掃淨飯訴単純習慣鉤鎬買盤鶲給奮計絶選懐鉋馬備湯識摯専顫陣黨許燦爛囲観煩呑適鄰擱遺談論縁爾見齒鼈場栲聞暫環顧齊醤記蕩積労釈傷認弾鷹虧筥熱鬧頓級豐請謂賞運媽孫輩鷏鑰逓際簡鷽鬚鼡勁連懃鰆鮹鹹棟攅歓夥剤営養撲閑鵞皷詳細挙喬斉―伝調隣謡処荅駆憶極鰒執産優書愛鱇廃艶麩創済痩駱駝職業譜勢順誰襲撃帥橋誤驚悪圧鶸導霊悶楽倆篤師呂歳銀窩奨閉頬瑩飛濺監護僅鷆髞訝嚇諍騙鍵緒邁響須針達髣筆紙異擾員電鵐偸駲歩餓婦侶漢鯣費絋薬搶撥劃門遷島団騒鶯靜戯謔髱慮鶇縫駁災閃頼負帯訂則紹衛臓飽潔濶嬌糾驗覩罷紐鋭鮓罵飲庁揀潤簾側輪鳰縮騰貨講渋匯鮠釿櫃鮮鐘尋約滲熾頂纏繞翹堅渇亀塗緩暢拡圖辯蕋贐窺読撫軟鐇鞁撓夾並麗膠擺繃陳詞臨輸襍鰡層賛補鶏燉噴濃氈慶華測獸敗黴諸誦駮詩狽鮨鮗聡鞨鬨嘆違鰰膩鳧勧設驃険鯰焼額漿蝪襯評採敵陽憊購厳粛標湊瀉觧擠牆濁喩裃頚朶誠劇鴒厖龍誘傘暈褻處悧郷儂鑚萓饐閇麌灘闢銭貭貝殻櫓査閙寧曖貎體綻岡溌鵤課聯瞞鰤軣蝨値桜訣紛儀爺陸検証亜軍衆質麥諒賽奪獲勝歴殺贏蒼牽穏憤宮搾檸壷懇渾珎嬰閖戰溝繊縦鈍藝袙臥髮簽蘿齢憂塵喪錚餽厠霤詛組竜妬顔権絡鑑領務薐攤貫啓歯館売鈴維嘔擁馼僂點織悩鄭唖鰛鷄飃飾蹣蹌車衵飼鳥鰊鉱銹儲鐶釟蕎襾・鏡項誕帰魚蔘趨階綢軌賀鞆駕駛載絆瘋遼闊證爍藍鑽嘗審吶隊鵁鴾豈竰蘰澆哢讌窪癆鈞懲罰澤滾烱嘖詭闍籏誼賭鴃飢汚穢鑷鉗納躪塊鏈鈕嘩頁魯囈帳羇繼綿鋼鉄躍餅畳霑閲術庫饒賜壇窮碼鷭轍蔔謾錦邏輯訓競紳瑣毀漬鍋韓録紗倶凍餡賦謀隨減絵漣豼謬諾頑寵練渉摂蘂傭竅獄顛鎔參鈩瘡詢荵釖痙攣聖濘規隴釘齦嚢腸釐醫偵鉛鯆獎滅損擇縅鱆鳴鰺甎臍犠斬喚樹輌闖鰌漲揚鎖歛攬財聲煉謹薩鋺撹鮴鎮娯贈躱煥鉐偽塩頤圓誇蝋燭尢釁舗驫協轢顯貪掲暁蹠縛痺鰈髢馳騁篭栄紋鞐虜囂頽脇鞜籃潰貍蝦贅焔驕慫慂訊煙療謎償礎籌緑聳鴿槍兌跼鋒鋸諳叢烏鷺鵑綽緋羈鯲餘鐙墜銷彜壽錢構鴎嶼餒竄農阯詐祕鱶診靦蘊貮靭艱羅擣鈿譽鰄鶤鰕輳訪倫餤鴕鴨績鱧脹掻鑢蟷貢編昿騎鬪襪蕁諠譌禍葹鵈賺僥鑿擬苙貿郵欄轟竪巓県鰉貸墾閨賎膰諷嫻頗鴉鍛鶴冊瀟貧扱襠縄馴雜幟靺鏝賢裝鰮鍄鮖閧銘鏥賓艝諱顳瀝輛苺釀覊驟洶貶齋鵯瑪墳憚跿鈔債駭臘餔簒膓噸賊絞疂騷塋蝸猟繝蝿靫嶢昜鯛鉢綜鬥顏靂倉錘贖黐禿姉鑵偉襌諜疳飆齷齪唄賠鈎舮撈鍜憫羣銛钁霧膵",
    "target_characters": "统语现雏办吧这样话资间们亲经种还频发啊类时吗么咦你脸红总觉尴尬刚肤脑挥啦为她让兴过说难彻呢显长验动视线试转问题丝继续换开隐该哪诶喂厉较进刘关户离边变态扔晾东呜轻飘嗯览风裤碰讨厌沉头帮盯每皱张躺紧渐预报倾颗贵两义节应晚仿虽满懒对阴终毕远别迟宽呃错确实议纪园强复杂谢摇贴结责拖扫净饭诉单纯习惯够搞买盘摔给奋计绝选怀跑马备汤识挚专颤阵奶许灿烂围观烦吞适另搁遗谈论缘尔见份桌场烤闻暂环顾咱酱记荡积劳释伤认弹鹰亏嗝热闹顿级丰请谓赏运妈孙辈丢钥递际简哼碟您劲连嘞啥撇嘿栋攒欢伙剂营养扑闲撑懂详细举瞧齐—传调邻谣处唰驱忆极磕执产优书爱甩废艳傻创济瘦骆驼职业谱势顺谁袭击帅桥误惊恶压扯导灵闷乐俩笃师吕岁银窝奖闭颊莹飞溅监护仅瞪膛讶吓睁骗键绪迈响须针达筷笔纸异扰员电吵偷咧步饿妇侣汉胳费逛药抢拨划门迁岛团骚哎噗戏谑烫虑嘻缝驳灾闪赖负带订则绍卫脏饱洁肮娇纠嘟囔罢扭锐眯骂饮厅捡润帘侧轮砸缩腾货讲涩汇啪嗒柜鲜钟寻约渗炽顶缠绕翘坚渴龟涂缓畅扩图辩咿妩窥读抚软糙舔挠夹拼丽胶摆绷陈词临输嘀咕层赞补鸡炖喷浓毡庆华测兽败霉诸诵揪诗狈垃圾聪嘎吱叹违糕腻谎劝设镖险俏烧额浆刨衬评踩敌阳惫购严肃标凑泻撬挤墙浊喻卡颈朵诚剧脖庞咙诱伞晕亵窸窣乡哝钻擞瞄讪挡滩呛钱嗖贝壳噜查喽宁暧喵啤绽冈泼唉课联瞒哟嗨哒值樱诀纷仪爷陆检证亚军众质丫谅赛夺获胜历杀赢苍牵稳愤宫榨拧壶恳浑撸婴飕战沟纤纵钝艺帕卧咚签萝龄忧尘丧挣捂厕揽诅组龙妒颜权络鉴领务棱摊贯启齿馆卖铃维呕拥眶搂爸织恼郑哑耍踢蹦饰蹒跄车咻饲鸟趟矿锈储佬扒荞撅·镜项诞归鱼嘭趋阶绸轨贺瘫驾驶载绊疯辽阔惬烁蓝婶尝审呐队咖啡岂喱喏浇咔嚓挖唠钧惩罚泽滚啵啧诡拽跆谊赌愣饥污秽镊钳纳躏块链纽哗页鲁呓帐挲娆绵钢铁跃饼叠玷阅术库饶赐坛穷码姬辙臊谩锦逻辑训竞绅琐毁渍锅韩录纱俱冻馅赋谋跺减绘涟漪谬诺顽宠练涉摄瞌佣窍狱颠坷掺哆疮询舀偎痉挛圣泞规拢钉龈囊肠疙瘩侦铅趴嘈灭损择耷绑鸣账砖脐牺斩唤树辆闯嗓涨扬锁敛拦财忪炼谨萨蹭搅挪镇娱赠躲焕刁伪盐颐圆垮蜡烛鱿衅铺垫协啰嗦贪揭晓搐缚痹砰嗡驰骋笼荣纹掐虏嚣颓胁橱篮溃洼虾赘焰骄怂恿讯焗疗谜偿础筹绿耸鸽枪兑攥锋锯谙丛乌鹭鹃绰绯羁咪拎蹬坠销鸬鹚瞟构鸥屿馁窜农屉眨哔嚷诊腼蕴咝韧艰罗捣踮蓓棵砍塌揍访伦摹鸵鸭绩煞胀搔叽柠贡编旷骑桩袜荨忐忑祸鳖盼赚侥凿拟噔贸邮栏轰竖巅县媳贷啃闺贱咂讽娴颇鸦锻鹤呣潇贫搪裆绳驯唬帜睬碳贤媲喔喳凳憋铭抿宾锲讳噢沥跤呦酿剁骤汹贬噘怔玛坟惮瘪钞债骇腊阱篡糗吨贼绞怼拣荧蜗猎锏蝇茬鲭擀鲷钵综诈噩雳仓锤赎爹秃姊缴伟诩谍囤飙龌龊呗赔钩涮捞钮悯仃哧氧雾蟑"
  },
  "locale_emulator": {
    "enable": true,
    "codepage": 932,
    "locale": 1041,
    "charset": 128,
    "timezone": "Tokyo Standard Time",
    "wait_for_exit": false
  },
  "font_manager": {
    "enable": true,
    "resource_files": [
      "simhei.ttf"
    ],
    "spoof_enumeration": {
      "enable": false,
      "filter_pitch_and_family": 0,
      "filter_charset": 1,
      "spoof_charset": 128
    },
    "spoof_creation": {
      "enable": true,
      "override_face": "simhei",
      "override_charset": 134
    }
  }
}