{
  "injector": {
    "enable": true,
    "print_loaded_modules": false
  },
  "allocate_console": false,
  "tunnel_decoder": {
    "enable": false,
    "mapping": ""
  },
  "character_substitution": {
    "enable": true,
    "source_characters": "們処釈愛絶結軽陰堯実則揺顫動産種倣錯覚撲銛噴嗚瑤強開宮槇剛這樣緊夾漸極為変続経撃過説毎時間響伝麭髪鮠釿鶺邊遙鼇頭応擺嬌濃興奮貼総滲話蹠顕継責難麼擠圧聯劇弾帯讓進潤襲喩鼡脹靜烱膠凜順灘漬識撹髱喞鰡鼕暢驚瘋飽満櫓僅還懐導終達熱歩撥雖該険龜費縁別陣緩現許対連閃請給張鯆鵞翹臉絲頬細線縮問復討厭呑醤語鞁瞼臓嘩哢潰纏繞闢亀尋嘖態膩調喪勢転鹹鑢詳贐護撫頓鷁渾濁頚繃義見汚離讌隠約撓積紅歓齧繊側艶鎖負皺謹齡認嚇載換試協預確異渋関馼鯔軟豐悪親狢題較畢値勁飛婦穎設計囲規曖鵺驗覩視風圓滾飾適麁賻頂記顧濺鉤憂圖紐縫鷽東鰤鶇堅燦爛裃龍衵鐔膰攅闖劃鶲叢園牽鴃鶫訴領―検査鶯長鉋綿鰾鱚桜鷏鮨鮗鵙鳰髮鵤煩嘆場鞆麗両妬焼毀脳嚢売徹幇搾輸槍鰮筴蝨謝務巓紙層畳楽漲儲貫門鹽単純術駆穢陽漿節痙攣戯鮮補揚嘗麌鐇罷饐標馬簡塗剤鄰壷論皷選擇誰誘擁謂餅訝類電晩詢測滅談誤備歴黨筥養渇議級蕩労蕋際遠貪閥環髞団筆逓朶鋭喬雑齊痺駲霊懶鎬齣鰰鰕優訣竅鞐練納姉縦馳騁飢餓匯専暈須鍵詞億躍觧悩飄厳聞並躱運暫吶鴒車権頻鬨貝塊鏝飲鼈閉礎書師頼課鷄聖針譜鶸揮餽飯搶慮輪偸鰊鈍斉掃腟維亜敵軍塵魚講殺驫験遺閑錚飃虧傷僂狽夥買鐘額淨嬰溝窪鮓珎瀕臨遅唖織薬麩鵐鬧鷆貨員鵁鴾庁資奨駁寛銭館鋺鏈厠饒簽顔隊習慣懃茘挙棟鰆掲暁緒齒紀済輾膚輩邁貍鰈臍観辯媽騙階営閧拡減憶湊縛穏絆執戰襯顆鉄謎鈴熾懇糾竄憊鍠隴腫凍懲罰鳴綻觸澤潔紗諍帰絨職粛瞞悶篭渉痩蒼艱窺騰縷銀緋騷霧簾釖諒爾業袙啓騒漢傾廃衆迚牆襾採賞厖蔔証聡頑鰉襠帳驛誠瑣擾賭鑚綢鱇齢駐災鉛鯲傘歳貎項茖湯鶏報墾綜藝萬蘇燉頤鬚揀購籃竰獄軌鞨寧貴繚奪瀉祕喚倆貿蘰訓騎腸擣處悧罵誕審驟墜評阯侶碼矯賛摯鈑釟襪窩損鱆質鉗艙顎華樹冊濶貞顳覧羈洶偽鯉栲釘鎮籵勧鏥盤寵鍛煉窮爍釁獸詭蹤陳絋攤詐聳鋒轢絵苺鬪撈蝕誂鍜虜勝瀟殻昿贏敗溌囂舗縄鍄躪梱鵯郵隣鍋檸閖點訪島閘違罧錘擬罠塩紋驕褻薐餾霑銘鳧祿淪鈎歯繼駕馭酘斃朧竪懸銷靭攴偵組謀轟貧鑰鳥橢飆鰓橋嫻猟羇釐醫戸諠譌郷読萓鰒輝藍瑩瀾荅甎摂囈櫃臥鈕豈債創慶鐺紹輛綴頗鮴髣錫爺輌駛轍扱谺雜賺鍼鰌",
    "target_characters": "们处释爱绝结轻阴啊实则摇颤动产种仿错觉扑哧喷呜她强开宫吧刚这样紧夹渐极为变续经击过说每时间响传碰发啪嗒嗯边呢厉头应摆娇浓兴奋贴总渗话搐显继责难么挤压联剧弹带让进润袭喻您胀噗啵胶你顺滩渍识搅烫唧咕啦畅惊疯饱满噜仅还怀导终达热步拨虽该险吗费缘别阵缓现许对连闪请给张趴撑翘脸丝颊细线缩问复讨厌吞酱语舔睑脏哗咔溃缠绕呛龟寻啧态腻调丧势转嘿叽详妩护抚顿裤浑浊颈绷义见污离嚓隐约挠积红欢哪纤侧艳锁负皱谨办认吓载换试协预确异涩关眶咦软丰恶亲诶题较毕值劲飞妇颖设计围规暧盯嘟囔视风圆滚饰适躺汩顶记顾溅够忧图扭缝哼东哟嘻坚灿烂卡咙咻呃咂攒闯划摔丛园牵愣喂诉领—检查哎长跑绵尴尬樱丢垃圾扔砸咚唉烦叹场瘫丽两妒烧毁脑囊卖彻帮榨输枪喔呲哒谢务巅纸层叠乐涨储贯门拖单纯术驱秽阳浆节痉挛戏鲜补扬尝挡糙罢瞄标马简涂剂另壶论懂选择谁诱拥谓饼讶类电晚询测灭谈误备历奶嗝养渴议级荡劳咿际远贪阀环膛团笔递朵锐瞧杂咱痹咧灵懒搞沉糕塌优诀窍掐练纳姊纵驰骋饥饿汇专晕须键词亿跃撬恼飘严闻拼躲运暂呐脖车权频吱贝块碳饮桌闭础书师赖课踢圣针谱扯挥捂饭抢虑轮偷趟钝齐扫掸维亚敌军尘鱼讲杀垫验遗闲挣蹦亏伤搂狈伙买钟额净婴沟挖眯撸濒临迟哑织药傻吵闹瞪货员咖啡厅资奖驳宽钱馆蹭链厕饶签颜队习惯嘞摞举栋啥揭晓绪份纪济辗肤辈迈洼砰脐观辩妈骗阶营憋扩减忆凑缚稳绊执战衬颗铁谜铃炽恳纠窜惫嗳拢肿冻惩罚鸣绽叼泽洁纱睁归绒职肃瞒闷笼涉瘦苍艰窥腾缕银绯拣雾帘偎谅尔业帕启骚汉倾废众睽墙撅踩赏庞臊证聪顽媳裆帐烘诚琐扰赌钻绸甩龄驻灾铅咪伞岁喵项噼汤鸡报啃综艺腌苏炖颐碟捡购篮喱狱轨嘎宁贵缭夺泻哔唤俩贸喏训骑肠捣窸窣骂诞审骤坠评屉侣码矫赞挚扳扒袜窝损绑质钳舱颚华树呣肮贞噢览羁汹伪鲤烤钉镇赅劝抿盘宠锻炼穷烁衅兽诡彤陈逛摊眨耸锋啰绘呦桩捞蚀掰钮虏胜潇壳旷赢败泼嚣铺绳喳躏捆怔邮邻锅拧飕爸访岛闸违泵锤拟卟盐纹骄亵棱馏玷铭谎馍沦钩齿娆驾驭缰毙胧竖悬销韧蚝侦组谋轰贫钥鸟椭飙鳃桥娴猎挲疙瘩户忐忑乡读擞磕辉蓝莹澜唰砖摄呓柜卧纽岂债创庆铛绍跤缀颇挪筷锡爷辆驶辙搪晾唬赚萦嗓"
  },
  "locale_emulator": {
    "enable": true,
    "codepage": 932,
    "locale": 1041,
    "charset": 128,
    "timezone": "Tokyo Standard Time",
    "wait_for_exit": false
  },
  "font_manager": {
    "enable": true,
    "resource_files": [
      "WenQuanYi.ttf"
    ],
    "spoof_enumeration": {
      "enable": false,
      "filter_pitch_and_family": 0,
      "filter_charset": 1,
      "spoof_charset": 128
    },
    "spoof_creation": {
      "enable": true,
      "override_face": "WenQuanYi Micro Hei",
      "override_charset": 134
    }
  }
}