{
  "injector": {
    "enable": true,
    "print_loaded_modules": false
  },
  "allocate_console": false,
  "tunnel_decoder": {
    "enable": false,
    "mapping": ""
  },
  "character_substitution": {
    "enable": true,
    "source_characters": "為麼堯歳狢難説駲騙鶺凜龜種這瑤噴鹹歓東対槇聞総覚開飄過問髪試圖鵞歩穏揺軽鶫絶焼現計実話們戯樣讓縮鐔経終邊鶇紐動閉襾嗚時唖門謂鏡論還頭脳夥戰達謝結給雖題場須間講飯節進劇継続義買備遙確別強脇異晩労許囲優―請違則鼕倣選挙顆純淨鎬勧誘応毎懐鯔見換詞錯逓親関処鰰済匯帯敗両鉋顕鐇堅観訪擾貨撲険藝銭吶鵙満臉嘗鰡類鱶鞁興奮詭鷽遠繞鬧緊連語醤愛級該飲順齒態隣園鰛認識徹馬変運鉤裃較閑書業電視帰騰騒闍齧約団検査師課細離験畳驫張読猟贏櫓驗覩皷訂記畢潤線嘆鞐鯣鵐討厭輸負責撫剛構傾誰蟷煩鵤敵媽顧縁昿蘂轢顯車憊剤養習慣齣哢讌鼈漸熱歴陣襍復僅膚軟産悩積極齡傷濃黨鮮紅・駆幇輩儀詛暫竜簡喪蒼編織厳臓聯鰤筆郵預館練劃鈴執紹暢憂談鰾鱚遅鐘貪嬌長蕋顫釈熾窺鮠圧麭釿鼇鷁贐訴並塗鵺紙繊維薬鷏滲補紀鶲響陰煥飃寧艶雑厠鰊膩閃爍攅縫輯鞆貫鴒牽際搶貼鶯倫調統誤遺閲鹽楽獸鰕罷値慮殺鞴暈拡渾採階陽髮痩爾檻監獄麩鐡規緒墳訣鄰歛燦爛鎖戸偸頂伝絡魚獲勲額牆撃悪豐側虧議術掃饒漿勢減皺貴紳護質襲擺設懶墾闖罵憶賽滾転簽羈絆尋囂適麗藍霊財嚇糾纏弾嘩蹠呑撹擠窪痺渋緩靜鰈蕩夾繃鳴単鶏奪誠賛辯憤禍飛揮陦蟻勁納濺竪鷄鱇脹漲宮髱導侶倆麁騎風叢蘇標瀏覧訓闊環檸鑢鞨綿搾揚棟員簾頻喚麌頁擁顔撥諍渇絲龍濁烱闢営頓飽組瘋頼痙攣懇蹌霧飾鋭饐鳧鬚摂湯驚訝謹華務証鈍購銹餒瀟詳創舗鶸資奨啓歯擱評報費贈穢溝駁犠斬槍艱録勝爺僂鼡層餽飴塊漢廂餅諒壷頬褻澤婦祕盤鰌擇溌蓮鷆洶煉鮓蝕貍潰羅鰆輌鱆獅顏鴃躱謡趨帥髞翹領險軸衵錚縛篭絋専売潔觧澆跿賠償樹竅點粧喩釖",
    "target_characters": "为么啊岁诶难说咧骗嗯你吗种这她喷嘿欢东对吧闻总觉开飘过问发试图撑步稳摇轻喂绝烧现计实话们戏样让缩呃经终边嘻扭动闭撅呜时哑门谓镜论还头脑伙战达谢结给虽题场须间讲饭节进剧继续义买备呢确别强胁异晚劳许围优—请违则啦仿选举颗纯净搞劝诱应每怀咦见换词错递亲关处糕济汇带败两跑显糙坚观访扰货扑险艺钱呐扔满脸尝咕类嚷舔兴奋诡哼远绕闹紧连语酱爱级该饮顺份态邻园耍认识彻马变运够卡较闲书业电视归腾骚拽哪约团检查师课细离验叠垫张读猎赢噜嘟囔懂订记毕润线叹掐胳吵讨厌输负责抚刚构倾谁柠烦唉敌妈顾缘旷瞌啰嗦车惫剂养习惯沉咔嚓桌渐热历阵嘀复仅肤软产恼积极办伤浓奶鲜红·驱帮辈仪诅暂龙简丧苍编织严脏联哟笔邮预馆练划铃执绍畅忧谈尴尬迟钟贪娇长咿颤释炽窥啪压碰嗒厉裤妩诉拼涂盯纸纤维药丢渗补纪摔响阴焕蹦宁艳杂厕趟腻闪烁攒缝辑瘫贯脖牵际抢贴哎伦调统误遗阅拖乐兽塌罢值虑杀瘾晕扩浑踩阶阳咚瘦尔槛监狱傻盎规绪坟诀另敛灿烂锁户偷顶传络鱼获勋额墙击恶丰侧亏议术扫饶浆势减皱贵绅护质袭摆设懒啃闯骂忆赛滚转签羁绊寻嚣适丽蓝灵财吓纠缠弹哗搐吞搅挤挖痹涩缓噗砰荡夹绷鸣单鸡夺诚赞辩愤祸飞挥蚂蚁劲纳溅竖踢甩胀涨宫烫导侣俩躺骑风丛苏标浏览训阔环拧叽嘎绵榨扬栋员帘频唤挡页拥颜拨睁渴丝咙浊啵呛营顿饱组疯赖痉挛恳跄雾饰锐瞄谎碟摄汤惊讶谨华务证钝购锈馁潇详创铺扯资奖启齿搁评报费赠秽沟驳牺斩枪艰录胜爷搂您层捂饴块汉厢饼谅壶颊亵泽妇哔盘嗓择泼莲瞪汹炼眯蚀洼溃罗啥辆绑狮噩愣躲谣趋帅膛翘领盔轴咻挣缚笼逛专卖洁撬浇瘪赔偿树窍爸妆喻偎"
  },
  "locale_emulator": {
    "enable": true,
    "codepage": 932,
    "locale": 1041,
    "charset": 128,
    "timezone": "Tokyo Standard Time",
    "wait_for_exit": false
  },
  "font_manager": {
    "enable": true,
    "resource_files": [
      "simhei.ttf"
    ],
    "spoof_enumeration": {
      "enable": false,
      "filter_pitch_and_family": 0,
      "filter_charset": 1,
      "spoof_charset": 128
    },
    "spoof_creation": {
      "enable": true,
      "override_face": "simhei",
      "override_charset": 134
    }
  }
}