{
  "injector": {
    "enable": true,
    "print_loaded_modules": false
  },
  "allocate_console": false,
  "locale_emulator": {
    "enable": true,
    "codepage": 932,
    "locale": 1041,
    "charset": 128,
    "timezone": "Tokyo Standard Time",
    "wait_for_exit": false
  },
  "font_manager": {
    "enable": true,
    "resource_files": [ "MSGothic_WenQuanYi_cnjp.ttf" ],
    "spoof_enumeration": {
      "enable": false,
      "filter_pitch_and_family": 0,
      "filter_charset": 1,
      "spoof_charset": 128
    },
    "spoof_creation": {
      "enable": true,
      "override_face": "WenQuanYi",
      "override_charset": 0
    }
  }
}
