{
  "injector": {
    "enable": true,
    "print_loaded_modules": false
  },
  "allocate_console": false,
  "tunnel_decoder": {
    "enable": false,
    "mapping": ""
  },
  "character_substitution": {
    "enable": true,
    "source_characters": "該誰遙竜選間雖議話対総観確実飯顧応細凜們這樣問請擇覚槇戯劇場堯護賽誠絶鉤題鼕説較殺種幇額頭換長時為麼両遺讓龜復膩夥―鰆隊連還隠約悪別戰贏負責勝証銷毀哢讌簽張愛臉鰛聡剛東給醤邊鎬餓詭異藍過齧慮腸狢摂熱現優龍鶺開変鏝運動飲結処薬呑鵐焼髪綜鼇領専単購電買難絋唄門緊揺暈鯔離環爾縁関瑤進媽団懃備満脳鷏認強鵤齡計親義馬規皷孫栄貼則鵺晩飛點続倣軽歩鄰論紀懐尋毎臨喪簡齣鮮歓許楽囲労掃謝鉋鞆帯経驚訝齒濁級髱嗚宮鐇痙攣華蕩興奮語顕貫態鶏鰡響潤朧撹頂擠鋺歴蹠純軟滾圧霊納謂識鰰嬌鵞奨夾見錯順鬧紐極皺纏繞覧虧絞顫窺視並陰梺蘇畢紅馼鞁調奪驗濃僅臓噴徹霑汚靜烱巓嚢湊亀層積潰穢詞匯櫓銛漸釈騰際渇験終釿側襲顆厖溝劃倆継暫堅鮠絲顳遶嘗産雑記蠎鹹質聞執簾員廃鷁盤設懲罰憊鹽軅衵蕋辯値憤転諒誘術淪敗麩賭紋圖闖牽資帥遠撃鏘綿軌筆擺勢頓線厳顔伝悩揮遅鐔閉剣繃獎揀陣軍園矚儀訊喩鼡塗鐘煩須偸鶯飾討厭職亜風贖鶫適碼達鷽欄練習樹蔭塁鰤訓鑚嚇暁課鶇撫攤狽渉爛闢淨歯熾冊蛯濺鉄麭暢滲書鋭読逓渋靦髮鎮搾陽闘栲閑閃標滌諷費勁叢騙統談獲銘罷構鞨鰌麥渾輩節創業監預輪補滅荅湯搶釁嘆爺罵鯰傾瀉輸縮脹喚畳鴒試緩頬緋鶲緒濫縫擱鞐檸繊痩靭擾訴糘覩錚洶鰊鏥講撥犠織導觧攬務査売師闌傷蘿鷆誤膚鶸吶鮓餌釣撲麗聲貨黐懾挙擁権煥郷鼈類啓痺漬諍闍帰賻竄慣漲弾駆締羈絆癲項艱鯆飃襠針陳謬賜寵瀕鳴臍貿駮譽絵鴻篭馳飄詳釖譖麁駁桜覬覦貞瑣違證窩鵈竅圓顛報澆羅鵙槍鴿諂詢罧甎鰮鏡漿珎翹糾揚錻獰穏鰻魚寛倫饐燦紹钁艶紛頸乕羃敵釶釀謀轉逧齢険厠閧颪齋駲飽喞餔荵養裝勧隨測寧貴蒼黨妬牆顏閥祕鍋縛銭躍粛禍償農録嬰誕悶驕斉躱賞騒餽糞舗謐濘瘋逹囈鎖頑苺臥麪閙競處悧鮴蝸鯲嘖衆賛浹嘩維膵塵脇車拡溌検獄驟釘萬減轍唖嘔殻鳥婦塊鬚貪紙憐驫濶騎灘擬懇腫憶頚獸燉箋裃賀蟄鑒渦攅魯霧協郵棟僂髞碩",
    "target_characters": "该谁呢龙选间虽议话对总观确实饭顾应细你们这样问请择觉吧戏剧场啊护赛诚绝够题啦说较杀种帮额头换长时为么两遗让吗复腻伙—啥队连还隐约恶别战赢负责胜证销毁咔嚓签张爱脸耍聪刚东给酱边搞饿诡异蓝过哪虑肠诶摄热现优咙嗯开变碳运动饮结处药吞吵烧发综厉领专单购电买难逛呗门紧摇晕咦离环尔缘关她进妈团嘞备满脑丢认强唉办计亲义马规懂孙荣贴则盯晚飞爸续仿轻步另论纪怀寻每临丧简沉鲜欢许乐围劳扫谢跑瘫带经惊讶份浊级烫呜宫糙痉挛华荡兴奋语显贯态鸡咕响润胧搅顶挤蹭历搐纯软滚压灵纳谓识糕娇撑奖夹见错顺闹扭极皱缠绕览亏绞颤窥视拼阴泫苏毕红眶舔调夺嘟浓仅脏喷彻玷污噗啵巅囊凑龟层积溃秽词汇噜哧渐释腾际渴验终嗒侧袭颗庞沟划俩继暂坚啪丝噢愫尝产杂记剐嘿质闻执帘员废裤盘设惩罚惫拖涔咻咿辩值愤转谅诱术沦败傻赌纹图闯牵资帅远击锵绵轨笔摆势顿线严颜传恼挥迟呃闭剑绷嘈捡阵军园瞩仪讯喻您涂钟烦须偷哎饰讨厌职亚风赎喂适码达哼栏练习树荫垒哟训钻吓晓课嘻抚摊狈涉烂呛净齿炽呣嗬溅铁碰畅渗书锐读递涩腼咚镇榨阳陡烤闲闪标涤讽费劲丛骗统谈获铭罢构嘎嗓丫浑辈节创业监预轮补灭唰汤抢衅叹爷骂俏倾泻输缩胀唤叠脖试缓颊绯摔绪滥缝搁掐拧纤瘦韧扰诉噙囔挣汹趟抿讲拨牺织导撬拦务查卖师阑伤萝瞪误肤扯呐眯饵钓扑丽忪货爹慑举拥权焕乡桌类启痹渍睁拽归汩窜惯涨弹驱缔羁绊癫项艰趴蹦裆针陈谬赐宠濒鸣脐贸揪蓓绘鸿笼驰飘详偎懵躺驳樱觊觎贞琐违惬窝盼窍圆颠报浇罗扔枪鸽谄询泵砖喔镜浆撸翘纠扬狰狞稳鳗鱼宽伦瞄灿绍氧艳纷嚎啕剜敌酝酿谋乒乓龄险厕憋觑噘咧饱唧阱舀养媲劝跺测宁贵苍奶妒墙噩阀哔锅缚钱跃肃祸偿农录婴诞闷骄齐躲赏骚捂粪铺谧泞疯捅呓锁顽呦卧倘喽竞窸窣挪蜗咪啧众赞浃哗维蟑尘胁车扩泼检狱骤钉腌减辙哑呕壳鸟妇块碟贪纸哕垫肮骑滩拟恳肿忆颈兽炖笺卡贺蛰漩涡攒鲁雾协邮栋搂膛硕"
  },
  "locale_emulator": {
    "enable": true,
    "codepage": 932,
    "locale": 1041,
    "charset": 128,
    "timezone": "Tokyo Standard Time",
    "wait_for_exit": false
  },
  "font_manager": {
    "enable": true,
    "resource_files": [
      "WenQuanYi.ttf"
    ],
    "spoof_enumeration": {
      "enable": false,
      "filter_pitch_and_family": 0,
      "filter_charset": 1,
      "spoof_charset": 128
    },
    "spoof_creation": {
      "enable": true,
      "override_face": "WenQuanYi Micro Hei",
      "override_charset": 134
    }
  }
}