{
  "injector": {
    "enable": true,
    "print_loaded_modules": false
  },
  "allocate_console": false,
  "tunnel_decoder": {
    "enable": false,
    "mapping": ""
  },
  "character_substitution": {
    "enable": true,
    "source_characters": "華亜為駆讓煩雑揺頭軽閉―種過隠瞞齒鈴麼這樣話開許問題類変們張邊鶺晩堯遙該錯覚難説間関龜険見槇対憶髪転濃時凜場責褻鶸嗚鉤実釈臉紅熱進東鵺還動異狢視線鰆満離畢較雖別鶫両遠齧湯偸確窺訴際約皷総愛鐘認現剛爾軟陽谺適漸積強帯門園馬備論須議鰰齣鐔麭長緊応書報復運靜討厭興歓鰾鱚瑤毎優窮順鼕級悪親廃頻豐鎬鮎逓給談驚嚇継続暫陰経鼇顫達倣奮態訝緒漲撫連壷潤賽則弾鶯観賞専業結記電営囲呑並撃請轍謝幇倆勝負贏戯劇撲鵐湊規輸鶇賦戰鹹細換斉風諍誤採車籃鶲傷鵞極騎懐陣飄騰楽腎験緩減権鄰鷽絲単純賛買習膚綿師礎鹽慣練紙漢鷆虧悶騒歩夥輩鶏諒吶義厳紀絶竪朶節顕遅鰡櫓堅朧識語寵織鉋謂選擇麩試衵僅醤誰暈籬調誠擾鮮勢衆歛擣監騙鋭綽錚検査鳴喩脳飛組閑庁盤齡伝鑚窩處悧縁躱譜帥終踈鰛圧臓鬧牽妬課顧悩額喪痺狽蕩鏈駲環筆処圖館鈍貼謐読導鯣飾維護誘鎖溝聞髱蹠剤纏簡謾罵槍瘋頼領団飯鷏慶鋺詛鯔脹爛鈎針歴縫絅闊揀揚違畳喚穏徹藍綴麁鯆舗輕質遺點媽鰤訓頓鱆饒脇靉輌顔搶嬌標績頂塗噴亀宮貫皺擺繞懇撹鰕講紐撓劃熾駮覧糾濁閃圓奪産頬躪執鞁烱鮠驗渾攅嘖襲費勁霊側夾隴罷髮鑒渦痙攣搾貪拡詞縮滅滾渇競淨焼濺嘯珎滲務裃钁襍嘗鍜臨鷁擠翹儀釁戸慮倫飲鰌損証齢詳懲罰蘇帰哢讌膩鞨鬨轢顯襯緑響購傾隣婦員鵤墜銭賭闖資厠労郷暁鳧膓瀾侶補尋袙鏥髞檻餽値歳計鼡輳養崗釖鰈喞穢腫奨殺賻擁偉渋挙擬絨聯縦獸頸設龍貴賜賎栄墾済麌掃篭豈懶釘繚欄鮴鍵鮓繊苙嘆匯藝錢絞貞觸鼈鏡詭鵙簾綻曖鳥憂術籌滌汚艀銘襪躡掲謎測厖紋鷄偽萓獲敵寧粃靭黨飢餓溌櫃餡鮨貶鮗詢鈩凍軍鍼唖駕蘂膸薬駛轟揮儲貧嶺謹鱇鞐鷺麗駁緋繼縛庫輪顏憤寛録呂暢牆鰊鰺柵羅預詐阯層鵁鴾鏝載喬囂霧襠覩姪鴒冊懾洶葷贖貨羈絆瑣潔蘭納撥帳階謀粛勧鴃項謙遜猟鮭魚樹蔭驟昿靱飽鍋創諠譌孫爺贅爍臍絵誕祕鈕詩貎歯倶貝紹艱蒐訂釿辯蘊嬰嚢療艚馴邁懃潰匱艶輔饐廏",
    "target_characters": "华亚为驱让烦杂摇头轻闭—种过隐瞒份铃么这样话开许问题类变们张边嗯晚啊呢该错觉难说间关吗险见吧对忆发转浓时你场责亵扯呜够实释脸红热进东盯还动异诶视线啥满离毕较虽别喂两远哪汤偷确窥诉际约懂总爱钟认现刚尔软阳晾适渐积强带门园马备论须议糕沉呃碰长紧应书报复运噗讨厌兴欢尴尬她每优穷顺啦级恶亲废频丰搞鲇递给谈惊吓继续暂阴经厉颤达仿奋态讶绪涨抚连壶润赛则弹哎观赏专业结记电营围吞拼击请辙谢帮俩胜负赢戏剧扑吵凑规输嘻赋战嘿细换齐风睁误踩车篮摔伤撑极骑怀阵飘腾乐肾验缓减权另哼丝单纯赞买习肤绵师础拖惯练纸汉瞪亏闷骚步伙辈鸡谅呐义严纪绝竖朵节显迟咕噜坚胧识语宠织跑谓选择傻试咻仅酱谁晕篱调诚扰鲜势众敛捣监骗锐绰挣检查鸣喻脑飞组闲厅盘办传钻窝窸窣缘躲谱帅终惦耍压脏闹牵妒课顾恼额丧痹狈荡链咧环笔处图馆钝贴谧读导胳饰维护诱锁沟闻烫搐剂缠简谩骂枪疯赖领团饭丢庆蹭诅咦胀烂钩针历缝纫阔捡扬违叠唤稳彻蓝缀躺趴铺氢质遗爸妈哟训顿绑饶胁呸辆颜抢娇标绩顶涂喷龟宫贯皱摆绕恳搅塌讲扭挠划炽揪览纠浊闪圆夺产颊躏执舔啵啪嘟浑攒啧袭费劲灵侧夹拢罢咚漩涡痉挛榨贪扩词缩灭滚渴竞净烧溅啸撸渗务卡氧嘀尝钮临裤挤翘仪衅户虑伦饮嗓损证龄详惩罚苏归咔嚓腻嘎吱啰嗦衬绿响购倾邻妇员唉坠钱赌闯资厕劳乡晓谎糗澜侣补寻帕抿膛槛捂值岁计您揍养岗偎砰唧秽肿奖杀汩拥伟涩举拟绒联纵兽嚎设咙贵赐贱荣啃济挡扫笼岂懒钉缭栏挪键眯纤噔叹汇艺瞟绞贞叼桌镜诡扔帘绽暧鸟忧术筹涤污蜓铭袜蹑揭谜测庞纹踢伪擞获敌宁搡韧奶饥饿泼柜馅垃贬圾询哆冻军萦哑驾瞌嗑药驶轰挥储贫岭谨甩掐鹭丽驳绯娆缚库轮噩愤宽录吕畅墙趟账栅罗预眨屉层咖啡碳载瞧嚣雾裆囔侄脖呣慑汹荤赎货羁绊琐洁兰纳拨帐阶谋肃劝愣项谦逊猎鲑鱼树荫骤旷疤饱锅创忐忑孙爷赘烁脐绘诞哔纽诗喵齿俱贝绍艰螨订嗒辩蕴婴囊疗磺驯迈嘞溃匮艳辅瞄嘬",
    "remain": [
      "啁",
      "鸮"
    ],
    "repeat": [
      "師",
      "織",
      "鈴",
      "湯",
      "員",
      "親"
    ]
  },
  "locale_emulator": {
    "enable": true,
    "codepage": 932,
    "locale": 1041,
    "charset": 128,
    "timezone": "Tokyo Standard Time",
    "wait_for_exit": false
  },
  "font_manager": {
    "enable": true,
    "resource_files": [
      "SIMLI.TTF"
    ],
    "spoof_enumeration": {
      "enable": false,
      "filter_pitch_and_family": 0,
      "filter_charset": 1,
      "spoof_charset": 128
    },
    "spoof_creation": {
      "enable": true,
      "override_face": "LiSu",
      "override_charset": 134
    }
  }
}