{
  "injector": {
    "enable": true,
    "print_loaded_modules": false
  },
  "allocate_console": false,
  "tunnel_decoder": {
    "enable": false,
    "mapping": ""
  },
  "character_substitution": {
    "enable": true,
    "source_characters": "堯僅覚現這樣夥們邊還遠経遅鶫給槇開鼕認愛鵤過説罷憶遙種談話並習龜時―鶺錯頭畢義門聯異郷親紀則継場鄰館関試連輩島瑤剛類麼別讓擾懃凜軣東買変聡槍魚齒烏喬費続預備離職維齡為脇資鉤闢歴敗飛両臉囲欄爾師鼡偸懶鰤飯臨風藍対転進実顆膠嚢間鶯桜嗚悪軽頬驗覩紅謝請帯逓點織頼見醤団計鶇値祕嚇歓総煩貨嚶襲齧馬髪問題雖鉋庁黨顧鯔熱鬧訂麗溌県澤約絶喪飄細晩餓虧結幇縁遺碼視挙擺勝勢勁顫閉嫻処伝訴髱陣侶賀満強擠湊慶蝨鰈鬪贏極採狢鰾鱚鐔鎬皷級歳撓応軟袙選確襯鮓燦爛唄鉄鬨鞨銹黐鰆鎮圧隊軍権動該読難許電廟養驚議講規媽識劇鵐頓脳毎鰺復誰専鷏補響駁較誤興奮暫楽園謹緒盤緊張渇靜淨絋帰鮮髮鵁鴾顔査鰡儂組論終鶴斉測爺鵙滲齣簡単語龍適濁臓鵞憊膚噴倣漸順暢貫陰夾納紐纏繞潤騰滾達緩皺暈饐貼諍鷆圓揺貴傷麁負産蹠撥穏嬌堅鳴顕撫圖縮鞁隠麭縫頚雑烱糾奪瘋貪吶鈍車慮歩鞐揚贅鹹員憂詞釈訝瞞懇戯項諒匯報崗聞舗険誘綿鳰蕎殻縦護撲衵運慣渋掃飲櫓曖詐鋺撃損麩騒線塗嘩紙鹽討厭蘰療鷽篭詭鷹巓態饒勧執倆喩記録闖誠徹嘖協憤証劃膩質衛嘆責閑観薩陽濃駲長輪閃悶焼栲筥飽鴃溝設営優財陸鼇評頁懐偽導創壇謂華賛紹統誕層輸郵筆戰銭賺絡術鮠釿漲揮哢鴒窮鰰頂苙厳粛啓戸瀉薬檸換敵牽絆鰍钁競驕節窪憫餔帥釣躍銀農罵鰻朶霊儀繊鼈繹讙労宮撹瑩馼絲繃搾熾轢佇贐蕩訣竅呑亀縅業鰊飾齊償喚際衆悩獲絞隣渉襍轟積獸諾監銷額誇環鵺瑣頻標窩簽寧僂贖詢謡紛禍掲揀搶駭簾蒼輳懾鴉狽腸羅讌鍜鱆爍縄誅鞆騙訓靉鏡邏練摂購鍛煉階駐綜蠏調鯣験鏈濺躾裃擁豐鳧針蘇尋倶歛褻涜須聳鶤聾詳栄販売検錢鐘鯰筍驃閧鋒鰛婦務牆課唖儲犠縛殺鍵銛誼鏑靫灘済擇檻逹霧擱鱇髣湯翹違減髞駕躱軌駛珎饋緋喞穢渾塊鐇弾鎖鑰畳鉛艶蝋貝餅阨釘竜嘗肭賓詛輝礎貭賞鵈倫寵駮蔘癆陳猟蕋鮨鮗書刪鶏鰮億編茖慫慂妬痩羈擬髢悵訪輯歯奨諸鯆藝鵯賽譜摯擣懲罰鶲鬚鋭荅績饅拡痺壷領側膰筴餽鳥傾邁麌墾廃鮑濶頑潔鉱籃庫懸凍谺驫艱駆樹鷁鰄傭瘡櫃厠粧攤潰純釁囂煥靭鄭汚毀輌謀閣緑賄賂蘿蕚錚豈載掻貮驟塩絵痙攣剣誂賢絨襠債籌鰕體鍋齢濾銕叢竄鶸飼幣鷄蹌處悧闘黴辯鑿魯鮹娯諷顯聖闊瀾嶄瑪騎駱駝臍飆塵亜嶺竰漢滅冊鈴顳諧劉賠鮴鐶謎獄瀕訊鞴麥萬銘錏寛譴臥傘鉢輔誡賭苺諜鱶諠譌跿閇漿闍飃鯊禪頸紋釐醫焔鏘隨撈麕茲虜遶攬鑪廂瀟貎腫窺箘遜礫鱸轍輛蘚餡鯲鑚滿濱扱蟷擲譏鈔軸鬢雜蘭災鈞紮蓚聲漬葷竪貶鞜鯉駻閖訳鳳贈餌鈎遷觸輕慚氈閙馳蟻諦鉐鱧審繪餘梱燉綻皰茘稟鏝塢斬顏隴倉厖尢兌頽賦疂霤憚偉塹緤鬘綉鰭孫繽貢轉逧淪朧暁鳫塁澆洶鮭剤蘂樌繚荊呂燭昿蔭鯛脹證顛貧輾鑞縺瞼濘粃謐謌襾鍠蹤趨鍼賈鱗嘔錦礇簑稲構罧縷穎鰌侖襪偵腟餒馭參跼鋼蟇鏥颪蹣絅鐡銜頗墜鵝瓏賜詩蘊鰒攅鑒渦蛻禿鷲蟯諺錘鑢筈釟鈕霑繼廏橋彜壽綽觧覧綱鴻謙嬰浹馴賎鯨",
    "target_characters": "啊仅觉现这样伙们边还远经迟喂给吧开啦认爱唉过说罢忆呢种谈话拼习吗时—嗯错头毕义门联异乡亲纪则继场另馆关试连辈岛她刚类么别让扰嘞你嗨东买变聪枪鱼份乌瞧费续预备离职维办为胁资够呛历败飞两脸围栏尔师您偷懒哟饭临风蓝对转进实颗胶囊间哎樱呜恶轻颊嘟囔红谢请带递爸织赖见酱团计嘻值哔吓欢总烦货嘤袭哪马发问题虽跑厅奶顾咦热闹订丽泼县泽约绝丧飘细晚饿亏结帮缘遗码视举摆胜势劲颤闭娴处传诉烫阵侣贺满强挤凑庆哒砰桩赢极踩诶尴尬呃搞懂级岁挠应软帕选确衬眯灿烂呗铁吱嘎锈爹啥镇压队军权动该读难许电庙养惊议讲规妈识剧吵顿脑每账复谁专丢补响驳较误兴奋暂乐园谨绪盘紧张渴噗净逛归鲜咚咖啡颜查咕哝组论终鹤齐测爷扔渗沉简单语咙适浊脏撑惫肤喷仿渐顺畅贯阴夹纳扭缠绕润腾滚达缓皱晕瞄贴睁瞪圆摇贵伤躺负产搐拨稳娇坚鸣显抚图缩舔隐碰缝颈杂啵纠夺疯贪呐钝车虑步掐扬赘嘿员忧词释讶瞒恳戏项谅汇报岗闻铺险诱绵砸荞壳纵护扑咻运惯涩扫饮噜暧眨蹭击损傻骚线涂哗纸拖讨厌喏疗哼笼诡鹰巅态饶劝执俩喻记录闯诚彻啧协愤证划腻质卫叹责闲观萨阳浓咧长轮闪闷烧烤嗝饱愣沟设营优财陆厉评页怀伪导创坛谓华赞绍统诞层输邮笔战钱赚络术啪嗒涨挥咔脖穷糕顶噔严肃启户泻药拧换敌牵绊鳅氧竞骄节挖悯阱帅钓跃银农骂鳗朵灵仪纤桌绎撂劳宫搅莹眶丝绷榨炽啰伫妩荡诀窍吞龟耷业趟饰咱偿唤际众恼获绞邻涉嘀轰积兽诺监销额垮环盯琐频标窝签宁搂赎询谣纷祸揭捡抢骇帘苍揍慑鸦狈肠罗嚓钮绑烁绳诛瘫骗训呸镜逻练摄购锻炼阶驻综犷调胳验链溅啐卡拥丰谎针苏寻俱敛亵渎须耸砍聋详荣贩卖检瞟钟俏罄镖憋锋耍妇务墙课哑储牺缚杀键哧谊镝茬滩济择槛捅雾搁甩筷汤翘违减膛驾躲轨驶撸馈绯唧秽浑块糙弹锁钥叠铅艳蜡贝饼铲钉龙尝蘑宾诅辉础嗖赏盼伦宠揪嘭唠陈猎咿垃圾书删鸡喔亿编噼怂恿妒瘦羁拟嗡怅访辑齿奖诸趴艺怔赛谱挚捣惩罚摔碟锐唰绩馒扩痹壶领侧咂呲捂鸟倾迈挡啃废鲍肮顽洁矿篮库悬冻晾垫艰驱树裤棵佣疮柜厕妆摊溃纯衅嚣焕韧郑污毁辆谋阁绿贿赂萝阂挣岂载搔咝骤盐绘痉挛剑掰贤绒裆债筹塌啤锅龄滤崽丛窜扯饲币踢跄窸窣陡霉辩凿鲁撇娱讽嗦圣阔澜崭玛骑骆驼脐飙尘亚岭喱汉灭呣铃噢谐刘赔挪佬谜狱濒讯瘾丫腌铭啷宽谴卧伞钵辅诫赌呦谍嚷忐忑瘪讪浆拽蹦鲨氯嚎纹疙瘩焰锵跺捞乔兹虏愫拦踹厢潇喵肿窥瘀逊砾鲈辙跤藓馅咪钻掮滨搪柠掷讥钞轴鬓唬兰灾钧钙盹忪渍荤竖贬橱鲤焊飕译凤赠饵钩迁叼氢惭毡喽驰蚁谛刁煞审碱拎捆炖绽哐摞钠碳坞斩噩拢仓庞鱿兑颓赋怼揽惮伟堑咣孽绣鳍孙缤贡乒乓沦胧晓玫垒浇汹鲑剂瞌钡缭荆吕烛旷荫鲷胀惬颠贫辗邋遢睑泞搡谧馋撅嗳彤趋萦贾鳞呕锦趔趄齁构泵缕颖嗓仑袜侦掸馁驭掺攥钢囱抿觑蹒纫盎衔颇坠鹅珑赐诗蕴磕攒漩涡蜕秃鹫犸谚锤叽孓扒纽玷娆嘬桥鸬鹚绰撬览纲鸿谦婴浃驯贱鲸"
  },
  "locale_emulator": {
    "enable": false,
    "codepage": 932,
    "locale": 1041,
    "charset": 128,
    "timezone": "Tokyo Standard Time",
    "wait_for_exit": false
  },
  "font_manager": {
    "enable": true,
    "resource_files": [
      "WenQuanYi.ttf"
    ],
    "spoof_enumeration": {
      "enable": false,
      "filter_pitch_and_family": 0,
      "filter_charset": 1,
      "spoof_charset": 128
    },
    "spoof_creation": {
      "enable": true,
      "override_face": "WenQuanYi Micro Hei",
      "override_charset": 134
    }
  }
}