{
  "injector": {
    "enable": true,
    "print_loaded_modules": false
  },
  "allocate_console": true,
  "tunnel_decoder": {
    "enable": false,
    "mapping": ""
  },
  "character_substitution": {
    "enable": true,
    "source_characters": "標題頁龜復動刪読離開這経備髪馬庫爾達魯諾劇陰頭駆現実濫災論麼強許類囲脇縛鉄呑―樣槇種讓過們緊閉諍両術厳傷簾極責還職護時顫為緩張緒軽諢撫雑環対話顕堯該凜暈鶺鵤鍛煉瑤釈負務雖殺輌車視総順討廃鰕滾線進鉋確竜難齡喪継続蘆謝鶫憂説覚撲響揺塊轟鳴弾鰰識歩勢奪親麭錯応獸東細喬麁邊間慣戰場別鷏徹剛齧髮齣伝鐘撃牆遺損訴賽裃質渋僅遙満顧顏則鄰讒態終険遠統適異議縫帯鵞閑須鶏牋臉鉤階級滅錵敵喚問連夥諒変痙攣漸紅絵詭鶲飛鞨頑試圖揚鱇毀給記鵺焼長鴒臥嗚絶剣認軟敗鐔鰡驚霧躍濺瀾倣預鹹見談襲風麩懐偵揮擺靜圓鋒鶤顱鷽鷆費悪渾聞転結構闊訝処鹽懃優塵賛単純亜粛嘆燼鯆躱嘔臨鮮噴巣麌饐簡夾暫輝輪嘖搶頼蹠挙験縮領淨薩廚讚溝獲鶯妬艙閙譜謡習喩違貫語調擾擁寧陸規厖約黌興奮鎮憶脳歯憊貼貝衆晩繞繊飄撥楽労幇尋詳組隊師訪隠儀査館遅齒歓愛執書関歴較熱鬧義誰驗覩輔権選員請暁鑑織襷鏡烏頗軍衛穢釖霊巓閃爍篭陣臍濁貍積麗膚臓鰮熾漲傾騰渇痺毎飾潤圧瘋頬頚朶貪纏亀鼇潔証絲頂導誇並堅聖綻園鷁擠嘗鞁紐撹薬豐誘劃嬌隴龍賦鰾鱚厭畳鍼鮠頓鴃詩焔苺飲揀牽換叢詢贖懲罰納創審顆鯔吶陽郷貴巒絢樹饅際藍逓囂縄邁鼕慶報畢匯擇輸偉鍵奨鬘補償槍運編賭詛減蹣斬滲拡・設計痩澤蕩謹観詞濃寛盤騎駐啓偸紀鼡勝謎諸帰鉱嚇猟濘墜誕電蒼脹側爛蝕憤絨墾蹌練歛潰餓飯驫齊倆煩悩聳颪緑紹鳥懸節録載講驕養鮓殻売銭賊買値門鍋棟隣絋華鵐犠鶇皷袙茲攤貿倫誠貨狢籃駁錚鎖鈴測産済禍銕軌艱資嘩汚賜釐醫戸業栄項穏艶騙碼錣橋鑚協魚監渉辭譚聯掲鳧誤竪瞞暢繃籌鬨掃贏勧誡帳営誼唖謂団窺縁頌獄慮鋭闍轢鳰饒斉聾殱鐙擱鑒渦騒針歳宮謐皺鰛罷縦蕋鏗哢讌鏈歡財糾鵆藝鈕釁窮鎬懇靭層險餔紛銘賞債訓鞆採蘊頸蘚鑿鈍鶸偽諷維馼鵄虧盧侶膩鑰囈銛蛻朧壇翹鞐鯣腫鋺紋梱鱆欽誨駕馭羅島綿髱湯壷衵軣櫓撓駲鑢窪陳贐繼勁詔苳戯謔締蠍罵覬覦萓縅繕鬚闖馳騁絆膰鈞闘竄腸薐驛飢鰆齢鵙釘嘯跿凱溌療搾霑蘇茣専攬購鰈憚訊顔貰篤髞飽鐡漢礎綉艦蘭銀悶詐鷄窩鉈髏鎧佇懶鵝絡脩蠧謀虜蕣覧謙遜謁庁鰊膵額幟輓覲蠏冐聨遼匱躪嬰媽検顛襍簒狽繭塁貧鬪隨嶺淪栲蓚鈎瑪餌貢鵈懾竅擣鞴鼈諳飼寵聡顳鰤餽諠譌鮴錦傭蕪觧襤褸婦爺諭賓賺筆舗礫凍賠億湊釿倹昿饋諧灘漿貮帥兌濾簽訂桟慟漑錢鋼蓮鷭酘蹤訳麕嶄憫綜瑩閘羈髢瞼頻盞賈鮨鮗顯廂黨貶烱剤闢綢豈漬鱶鄭貭蛯驃遷崗蔭浹繽競嶼評濶輙擬癆燦攅襯冊顎緤閧鐺麥諜姪農剰塗黴邏閣鑼茖瀕駛瀟蝋燭瀏誹謗轍賎荅汳襾嫻斃筴鎹苙襠劉鰌誦洶膠蘰紙欄曖蘂蔘驅鏘僂鮖鈿閲貞羇懴鐇謬鏥績驟賀甎繚倶莇絞諌馴皰錏漣颯賻喞鈩瓏鮹餒鞏瑣鱗陦蟻諱慫慂鋤煥蠻慚鎌嶇轄鍍靉錻獰贅蕚嚶鶴谺閨摯銜霤紳釣辯豬檸譏艢綴壟鉅儲孫貎倉蕭綽瀝踈鵯誣輿諦逹鉛訣賢疂瘡鰄裝蛍飃詫擲謾嗇贈獎韆鑵驤鉢",
    "target_characters": "标题页吗复动删读离开这经备发马库尔达鲁诺剧阴头驱现实滥灾论么强许类围胁缚铁吞—样吧种让过们紧闭睁两术严伤帘极责还职护时颤为缓张绪轻诨抚杂环对话显啊该你晕嗯唉锻炼她释负务虽杀辆车视总顺讨废塌滚线进跑确龙难办丧继续坍谢喂忧说觉扑响摇块轰鸣弹糕识步势夺亲碰错应兽东细瞧躺边间惯战场别丢彻刚哪咚沉传钟击墙遗损诉赛卡质涩仅呢满顾噩则另搀态终险远统适异议缝带撑闲须鸡儆脸够阶级灭掳敌唤问连伙谅变痉挛渐红绘诡摔飞嘎顽试图扬甩毁给记盯烧长脖卧呜绝剑认软败呃咕惊雾跃溅澜仿预嘿见谈袭风傻怀侦挥摆噗圆锋砍颅哼瞪费恶浑闻转结构阔讶处拖嘞优尘赞单纯亚肃叹烬趴躲呕临鲜喷巢挡瞄简夹暂辉轮啧抢赖搐举验缩领净萨缇娅沟获哎妒舱喽谱谣习喻违贯语调扰拥宁陆规庞约妮兴奋镇忆脑齿惫贴贝众晚绕纤飘拨乐劳帮寻详组队师访隐仪查馆迟份欢爱执书关历较热闹义谁嘟囔辅权选员请晓鉴织垦镜乌颇军卫秽偎灵巅闪烁笼阵脐浊洼积丽肤脏喔炽涨倾腾渴痹每饰润压疯颊颈朵贪缠龟厉洁证丝顶导垮拼坚圣绽园裤挤尝舔扭搅药丰诱划娇拢咙赋尴尬厌叠萦啪顿愣诗焰呦饮捡牵换丛询赎惩罚纳创审颗咦呐阳乡贵峦绚树馒际蓝递嚣绳迈啦庆报毕汇择输伟键奖孽补偿枪运编赌诅减蹒斩渗扩·设计瘦泽荡谨观词浓宽盘骑驻启偷纪您胜谜诸归矿吓猎泞坠诞电苍胀侧烂蚀愤绒啃跄练敛溃饿饭垫咱俩烦恼耸觑绿绍鸟悬节录载讲骄养眯壳卖钱贼买值门锅栋邻逛华吵牺嘻懂帕兹摊贸伦诚货诶篮驳挣锁铃测产济祸崽轨艰资哗污赐疙瘩户业荣项稳艳骗码桨桥钻协鱼监涉忒谭联揭谎误竖瞒畅绷筹吱扫赢劝诫帐营谊哑谓团窥缘颂狱虑锐拽啰砸饶齐聋歼蹬搁漩涡骚针岁宫谧皱耍罢纵咿铿咔嚓链猡财纠婷艺纽衅穷搞恳韧层盔阱纷铭赏债训瘫踩蕴嚎藓凿钝扯伪讽维眶歧亏卢侣腻钥呓哧蜕胧坛翘掐胳肿蹭纹捆绑钦诲驾驭罗岛绵烫汤壶咻嗨噜挠咧叽挖陈妩娆劲诏蛀戏谑缔斓骂觊觎擞耷缮碟闯驰骋绊咂钧陡窜肠棱烘饥啥龄扔钉啸瘪凯泼疗榨玷苏獠专拦购砰惮讯颜贳笃膛饱盎汉础绣舰兰银闷眨踢窝骷髅铠伫懒鹅络臃瘸谋虏翱览谦逊谒厅趟蟑额帜惋觐犷嶙峋辽匮躏婴妈检颠嘀篡狈茧垒贫桩跺岭沦烤盹钩玛饵贡盼慑窍捣瘾桌谙饲宠聪噢哟捂忐忑挪锦佣芜撬褴褛妇爷谕宾赚笔铺砾冻赔亿凑嗒俭旷馈谐滩浆咝帅兑滤签订栈恸溉瞟钢莲姬缰彤译乔崭悯综莹闸羁嗡睑频盏贾垃圾嗦厢奶贬啵剂呛绸岂渍嚷郑嗖嗬镖迁岗荫浃缤竞屿评肮拴拟唠灿攒衬呣颚咣憋铛丫谍侄农嗞涂霉逻阁锣噼濒驶潇蜡烛浏诽谤辙贱唰嗵撅娴毙呲铐噔裆刘嗓诵汹胶喏纸栏暧瞌嘭铮锵搂凳踮阅贞挲忏糙谬抿绩骤贺砖缭俱磷绞谏驯哐啷涟飒汩唧哆珑撇馁巩琐鳞蚂蚁讳怂恿锄焕毗惭镰岖辖镀呸狰狞赘阂嘤鹤晾闺挚衔揽绅钓辩弈拧讥镳缀垄忡储孙喵仓萧绰沥惦怔诬舆谛捅铅诀贤怼疮棵媲萤蹦诧掷谩啬赠嘈妞缴镶钵",
    "remain": [
      "呿"
    ],
    "repeat": [
      "姉",
      "囲",
      "頬",
      "覚",
      "両",
      "広",
      "売",
      "悪",
      "揺",
      "気",
      "竜",
      "歩",
      "拝",
      "対",
      "変",
      "込",
      "噂",
      "乗",
      "増",
      "拠",
      "楽",
      "圧",
      "霊",
      "掟",
      "厳",
      "権",
      "騒",
      "剣",
      "扱",
      "勅",
      "処",
      "収",
      "続"
    ]
  },
  "locale_emulator": {
    "enable": true,
    "codepage": 932,
    "locale": 1041,
    "charset": 128,
    "timezone": "Tokyo Standard Time",
    "wait_for_exit": false
  },
  "font_manager": {
    "enable": true,
    "resource_files": [
      "simhei.ttf"
    ],
    "spoof_enumeration": {
      "enable": false,
      "filter_pitch_and_family": 0,
      "filter_charset": 1,
      "spoof_charset": 128
    },
    "spoof_creation": {
      "enable": true,
      "override_face": "simhei.ttf",
      "override_charset": 134
    }
  }
}