{
  "injector": {
    "enable": true,
    "print_loaded_modules": false
  },
  "allocate_console": false,
  "tunnel_decoder": {
    "enable": false,
    "mapping": ""
  },
  "character_substitution": {
    "enable": true,
    "source_characters": "標題頁龜復動刪読達魯諾裃離開這経備髪馬庫爾記劇閃頭藍倣讓総論強現実脇類呑縛鉄則―槇過們別種堯緊閉諍傷両術瑤対簾責護結時顫証緩緒為話顕雑環凜樣鵤暈麼鍛煉還絲覚務雖殺車載輌視滅廃鰕滾漸進鉋鶺竜難剛許継続謝鼡鶫憂揺説撲塊轟鳴弾鰰識親語鯣奪歩頂錯絶獸東確細邊戰場間慣応鷏潰齧聾齣響懸伝鶯鐘牆傾瀉遺災線賽質畢満渋須遙顧鄰顏導讒蹌産険終統異議縫鵞閑帯鉤鶏牋階級軍敵喚問連該襲撃夥請諒認蹠僅紅絵詭圖鶲飛鞨鷽煩試揮鱇毀給側鵺焼長鴒臥鰡蕩剣軟敗驚張擺勢霧躍濺謂談囲風麩極懐錵偵烏華麗鐔艨圓軌鋒軽斬顱淨挙嘔麁聞転臉処攬懃優燼費盤損賛簡単厳亜訴粛職嘆塵鯆躱鮮噴臨巣誕饐夾態麌鰮暫輝輪嘖搶痙攣鶤縮験順領層薩廚讚陰変遠溝獲喪詢艙妬鷆譜習鰤違観貫擾謐陸規厖員啓見湊駛晩憶脳陣適憊貼貝衆関嬌尋繊繞幇悪節組隊師霊儀毎査資盞館皷執歓愛誰書擁勧歴囂義襍権輔選擇織訝鏡鎮負衛穢朧寧釖齒爍篭隠約詳鞆臍積貍濁麭調熱膚臓攅熾納漲駆渇釈痺飾潤圧朶瘋頬貪纏亀鼇純潔誇並繃聖園鷁飃鞁紐撫嘗撹興奮飄喩擠薬豐龍賜釘鈕鰾鱚齡討厭嗚頓詩焔唖鼕飲揀牽換叢輸贖懲罰堅誠審創顆紛瑪揚陽郷巒貴艶樹饅際鬧縄慶報匯偉奨鍵鬘槍渾運編賭詛減滲拡計・設痩詞謹濃邁闊騎労駐紀訪劃鰊勝謎鉱嚇猟汚憤墜電蒼闢脹爛蝕絨墾藝練罷遅餓諧飽額悩聳鎬緑騰帰預鳥顔貮鯔逓襯嶇録講楽孫鰉婦驕倫養紹鮓攤売殻銭偸値門媽點頻鍋戸棟穏隣較漢糾絋鵐犠袙茲貿貨狢銕籃駁錚鎖鈴鵙済艱騒鍼寛掃騙碼撥錣橋鑚縁協禍鹽魚監辭譚聯偽誤竪瞞絆籌贏帳蘊営蘇掲暁獄賞綻慮頑鋭冊闍勁畳蠱鳰饒歯竄殱鐙鶸憫鑒渦針宮療颪測補皺繼衵鐺鏈筆財霙釁誘窮驗覩懇險懾斉餔償紋銘債譏蘚縦窺鈍諷維巓鵄虧蕋侶鳧徹鑰栄囈搾靜鮠濘壇翹吶腫膩櫓烱賦鱆諭駕馭羅釶釀凱島嶺絞壷鹹鈩顯窪寵陳虜戯苳鰛締馴採闘罵覬覦萓繕団鬚賊闖馳騁渉隕買慚飯谺鷄飢歳銛嘯跿哢襷撓髱馼髞霑擣澤茣渮購億髮頼鐡鶇訓駲瑣艦綉擱謙遜業蘭銀輩儲悶詐墳岡鎧窩鉈髏佇専慫慂懶濫鵝靭鉅絡謀諸躪蕣幟覧謁庁簽訂構鮹膵軣雜覲輓欽閙轢蠏検貧黨嬰顛簒渙狽繭苙塁鬪隨暢膰栲鈎閣餌貢鵈鼈荅帥聡傭餽諠譌扱蕪襤褸爺鑿賓鱶賺舗礫凍賠諳倹齢溌饋諱釐醫顳濾桟鬨頸漑鋼鷭酘頚兌蹤閘訳讌瀕觧鏥羈黌鮨鮗鑑謔嘩貶呂貞剤釿綢鐇薐漬歛驟項驃靱閲蔭錦遷農嶼燦評跼濶鉛輙浹擬競贐顎襾碩鏗麥獎髢隴靦瀾鴃姪諡塗娯淪鑼鞏鰆喞褻涜緋貭瀟辯裝絢礎蝋燭誹謗鄭賎嫻鎹鰈襠倆黴蘰贅紙瞼鋺赱頗緞蘂鏘崗豈獰鈿誨欄僂訊懴謾躊賀驅輾甎茖蘆鰌頷誡倶莇諌賢辮盧賻驫餒湯縷謡蓮麕諛鋤鎌轌頌颯閧竃豬漣豼摯課鶴閨諜紳鱧釣綿轍錢艢詆遲謬績鮴鈬駮鯲貎倉綽蕚誣嚢逹飼儂緤瘡鑢鰄銜蛍遼喬擲繚嗇壟驤誼贈匱蔕菫粃鑵",
    "target_characters": "标题页吗复动删读达鲁诺卡离开这经备发马库尔记剧闪头蓝仿让总论强现实胁类吞缚铁则—吧过们别种啊紧闭睁伤两术她对帘责护结时颤证缓绪为话显杂环你样唉晕么锻炼还丝觉务虽杀车载辆视灭废塌滚渐进跑嗯龙难刚许继续谢您喂忧摇说扑块轰鸣弹糕识亲语胳夺步顶错绝兽东确细边战场间惯应丢溃哪聋沉响悬传哎钟墙倾泻遗灾线赛质毕满涩须呢顾另噩导搀跄产险终统异议缝撑闲带够鸡儆阶级军敌唤问连该袭击伙请谅认搐仅红绘诡图摔飞嘎哼烦试挥甩毁给侧盯烧长脖卧咕荡剑软败惊张摆势雾跃溅谓谈围风傻极怀掳侦乌华丽呃噶圆轨锋轻斩颅净举呕躺闻转脸处拦嘞优烬费盘损赞简单严亚诉肃职叹尘趴躲鲜喷临巢诞瞄夹态挡喔暂辉轮啧抢痉挛砍缩验顺领层萨缇娅阴变远沟获丧询舱妒瞪谱习哟违观贯扰谧陆规庞员启见凑驶晚忆脑阵适惫贴贝众关娇寻纤绕帮恶节组队师灵仪每查资盏馆懂执欢爱谁书拥劝历嚣义嘀权辅选择织讶镜镇负卫秽胧宁偎份烁笼隐约详瘫脐积洼浊碰调热肤脏攒炽纳涨驱渴释痹饰润压朵疯颊贪缠龟厉纯洁垮拼绷圣园裤蹦舔扭抚尝搅兴奋飘喻挤药丰咙赐钉纽尴尬办讨厌呜顿诗焰哑啦饮捡牵换丛输赎惩罚坚诚审创颗纷玛扬阳乡峦贵艳树馒际闹绳庆报汇伟奖键孽枪浑运编赌诅减渗扩计·设瘦词谨浓迈阔骑劳驻纪访划趟胜谜矿吓猎污愤坠电苍呛胀烂蚀绒啃艺练罢迟饿谐饱额恼耸搞绿腾归预鸟颜咝咦递衬岖录讲乐孙媳妇骄伦养绍眯摊卖壳钱偷值门妈爸频锅户栋稳邻较汉纠逛吵牺帕兹贸货诶崽篮驳挣锁铃扔济艰骚萦宽扫骗码拨桨桥钻缘协祸拖鱼监忒谭联伪误竖瞒绊筹赢帐蕴营苏揭晓狱赏绽虑顽锐呣拽劲叠蛊砸饶齿窜歼蹬扯悯漩涡针宫疗觑测补皱娆咻铛链笔财璐衅诱穷嘟囔恳盔慑齐阱偿纹铭债讥藓纵窥钝讽维巅歧亏咿侣谎彻钥荣呓榨噗啪泞坛翘呐肿腻噜啵赋绑谕驾驭罗酝酿凯岛岭绞壶嘿哆嗦挖宠陈虏戏蛀耍缔驯踩陡骂觊觎擞缮团碟贼闯驰骋涉陨买惭饭晾踢饥岁哧啸瘪咔垦挠烫眶膛玷捣泽獠吖购亿咚赖盎嘻训咧琐舰绣搁谦逊业兰银辈储闷眨坟冈铠窝骷髅伫专怂恿懒滥鹅韧忡络谋诸躏翱帜览谒厅签订构撇蟑嗨唬觐惋钦喽啰犷检贫奶婴颠篡痪狈茧噔垒桩跺畅咂烤钩阁饵贡盼桌唰帅聪佣捂忐忑搪芜褴褛爷凿宾嚷赚铺砾冻赔谙俭龄泼馈讳疙瘩噢滤栈吱嚎溉钢姬缰颈兑彤闸译嚓濒撬抿羁妮垃圾鉴谑哗贬吕贞剂嗒绸糙棱渍敛骤项镖疤阅荫锦迁农屿灿评攥肮铅拴浃拟竞妩颚撅硕铿丫嘈嗡拢腼澜愣侄涣涂娱沦锣巩啥唧亵渎绯嗖潇辩媲绚础蜡烛诽谤郑贱娴铐砰裆俩霉喏赘纸睑蹭靶颇缎瞌锵岗岂狞踮诲栏搂讯忏谩踌贺铮辗砖噼坍嗓颔诫俱磷谏贤辫卢汩垫馁汤缕谣莲乔谀锄镰蹋颂飒憋灶弈涟漪挚课鹤闺谍绅煞钓绵辙瞟镳诋偌谬绩挪踱揪咪喵仓绰阂诬囊捅饲哝咣疮叽棵衔萤辽瞧掷缭啬垄镶谊赠匮璀璨搡缴",
    "remain": [
      "呿",
      "​"
    ],
    "repeat": [
      "勅"
    ]
  },
  "locale_emulator": {
    "enable": true,
    "codepage": 932,
    "locale": 1041,
    "charset": 128,
    "timezone": "Tokyo Standard Time",
    "wait_for_exit": false
  },
  "font_manager": {
    "enable": true,
    "resource_files": [
      "SIMLI.TTF"
    ],
    "spoof_enumeration": {
      "enable": false,
      "filter_pitch_and_family": 0,
      "filter_charset": 1,
      "spoof_charset": 128
    },
    "spoof_creation": {
      "enable": true,
      "override_face": "LiSu",
      "override_charset": 134
    }
  }
}