{
  "injector": {
    "enable": true,
    "print_loaded_modules": false
  },
  "allocate_console": false,
  "tunnel_decoder": {
    "enable": false,
    "mapping": ""
  },
  "character_substitution": {
    "enable": true,
    "source_characters": "標題頁這樣龜復動刪読達魯諾裃離開備瑪庫爾経劇閃頭藍倣試圖讓実論擁麼強遠類脇呑縛鉄則―許們別種堯緊閉諍過両術傷対瑤厳間簾為職責還護雖結顫証時処張緒緩話顕環凜鵤暈鍛煉槇臉務遺殺陸続車馬鮮総廃鰕滾線進鉋確認鶺鼕帯竜難剛須継関謝鶫憂視説見髮揺塊墜轟鳴弾躍撲識勢鶸歩奪場麭錯獸東懐細邊戰習慣応鷏齧蘆伝陣齣悶鐘漲撃傾瀉牆滲閑尋髪訴賽質渋齡遙現華囲顧顏鄰導讒険終統異議紋鵞討譴連階滅錵擺敵喚問該鵺僅罷諒覚蹠漸変紅瀕臨絵詭鳰飛鞨鷽糾纏挙鱇毀夥給記鎖長鴒鰡釈蕩剣軟敗驚態濺霧雑談謂風襲洶貨簡極厭悪帰爺級転紛麗鐔劃圓軌鴃鋭軽顱斬揮綻鳥嘔渾満汚穢闊攬邁懃優慮塵費倆盤賛単純亜殱嘆産鞆躱噴響巣請夾麌暫輝礫悩輪搶験縮順領淨層際陰薩廚讚溝獲報喪詢鶯妬鷆絲聞衆鼡喩違貫語調窺鰤擾規厖員駛啓義興奮鎮晩憶脳適憊拡貝愛嬌繞繊飄楽幇詳組隊師訪納霊親隠預災儀毎査館遅負歯執歓誰書歴熱鬧囂済換労積痩権輔選慚訝鏡黌軍衛褻證寧釖皷鉤頂齒爍篭約濁臍灘貍膚嗚攅熾瘋圧痺潤飾瑩渇繃頬頚貪亀鼇撥撫潔縫潰狽誇嘗並堅聖園揚錚鞁紐濃撹擠薬飽龍賦豐匯澤団臓鈕練駆詞貼畳頓筆鮴詩焔吶顳陽茖鮠飲焼門揀牽樹叢贖懲罰徹審顆郷巒貴綴艶遷謹饅髱縄賞逓畢絶槍擇偉靦補償鬘騰運編織賭聯詛減穏計馳設蒼佇側観誡騎麁鰰駐暁勝謎諸鉱嚇鯔猟憤靜輸誕電紙闢脹爛蝕鑚鹽闍絨墾腸蹌嘖餓誘鼈齊額煩聳颪鎬緑養懸鈎鋺鶏較節録講嬰鰉婦驕倫紹鮓綿銭殻売頻窪値買縁粛鍋隣漢鶲鵐寛袙茲攤貿栄侖銕狢瞼籃駁鈴測鵈靭犠勁暢濫資維鍼創賜驟奨艱戸誠績掃膩謀騙碼錣橋協偸魚鑒渦監渉辭掲禍偽誤瞞絆麩饋鰮籌鋒驅鏘贏帳縦虧駲営勧纓偵騒頌覬覦構億燼損頑齏烏蠱鳧竄闖鐙憫獄針歳宮釘饒皺戯豈烋鏈蘊鶤轢顯歡竪財釁懇餔鰾鱚慶軣銘紀採縷謡痙攣蘚貭諷巓蘇頼湊鵄業載擬侶謐鑰囈朧衵蕋濘嚶蛻壇襾腫櫓唖烱譏鱆鶇鈍淪駕馭鰺羅釶釀凱島絞鹹喞壷繼釿祕膰掻讌廏囁躙昿餒饐苳甦馴謔締袗朶摯靄罵萓貎繕騁賊斉鈞茣闘舗絋飯藝谺儲鷄飢齢鵙冐聨哢嶄鬨鰛驗覩搾髞霑瀾慟諡購擱鴪鍵漣豼蕪鐡瑣麥諭艦鄭獎桟蘭銀靂塁喬逹墳鏗鑢鎧窩鉈髏専襌鵝絡脩虜蕣頤謙遜謁庁陳簽訂鰊憚雜鰆讙輓蠏錘検臥詐膿匱躪黨阨繭懶貧訓隨鮨鮗輩驛銹飼貢嚢嘩諳綽寵帥聡鷁餽顔撓蘿繚燦窮扱觧項筴襤褸諱賓賺傭顛凍賠餌蝨鱧輌鍖靱誦漬盧遼嘯媽釐醫濾漑鋼鷭酘訳愴頸鑿隴跿濶荅綜襯礎羈髢輾盞薐鯣鑑誨貶參綢鐇邏療闡驃覊縅蓚鈬診欽崗諧襷蔭蠍嶼秬銷鯆剤餤駈贐顎鑵鐺緤皰碩絢翹辮襍勲歛閧姪蒟緋塗馼黴綉幟颯賢鮹澆燭農閲蝋誹謗鏥矚賎羃鬥嫻評鎹苙袮躾鋸處悧瀟溌鰈諂頗鍄競齋洩赱僂辯蕚懾蓮轍鴨鈿貞欄覧懴謾蝪輯斃簒櫺訊梱險聾裝錏蛯譜甎獅鯰鑪鉅莇諌輙閣紆驤譽驫僥湯鰌鞏躊暉豬詣鱗鬪鋤蠻鎌嶇轄鞐紗覲覓贅嫋賀鶴鱶閨諜紳釣譟隕艢懣債頷茆詫飃孫鯲儼倉瀏誣販鉛訣竅娯堊鰄鐫渙擲壟諛贈棟粃擣",
    "target_characters": "标题页这样吗复动删读达鲁诺卡离开备玛库尔经剧闪头蓝仿试图让实论拥么强远类胁吞缚铁则—许们别种啊紧闭睁过两术伤对她严间帘为职责还护虽结颤证时处张绪缓话显环你唉晕锻炼吧脸务遗杀陆续车马鲜总废塌滚线进跑确认嗯啦带龙难刚须继关谢喂忧视说见咚摇块坠轰鸣弹跃扑识势扯步夺场碰错兽东怀细边战习惯应丢哪坍传阵沉闷钟涨击倾泻墙渗闲寻发诉赛质涩办呢现华围顾噩另导搀险终统异议纹撑讨谴连阶灭掳摆敌唤问该盯仅罢谅觉搐渐变红濒临绘诡砸飞嘎哼纠缠举甩毁伙给记锁长脖咕释荡剑软败惊态溅雾杂谈谓风袭汹货简极厌恶归爷级转纷丽呃划圆轨愣锐轻颅斩挥绽鸟呕浑满污秽阔拦迈嘞优虑尘费俩盘赞单纯亚歼叹产瘫躲喷响巢请夹挡暂辉砾恼轮抢验缩顺领净层际阴萨缇娅沟获报丧询哎妒瞪丝闻众您喻违贯语调窥哟扰规庞员驶启义兴奋镇晚忆脑适惫扩贝爱娇绕纤飘乐帮详组队师访纳灵亲隐预灾仪每查馆迟负齿执欢谁书历热闹嚣济换劳积瘦权辅选惭讶镜妮军卫亵惬宁偎懂够顶份烁笼约浊脐滩洼肤呜攒炽疯压痹润饰莹渴绷颊颈贪龟厉拨抚洁缝溃狈垮尝拼坚圣园扬挣舔扭浓搅挤药饱咙赋丰汇泽团脏纽练驱词贴叠顿笔挪诗焰呐噢阳噼啪饮烧门捡牵树丛赎惩罚彻审颗乡峦贵缀艳迁谨馒烫绳赏递毕绝枪择伟腼补偿孽腾运编织赌联诅减稳计驰设苍伫侧观诫骑躺糕驻晓胜谜诸矿吓咦猎愤噗输诞电纸呛胀烂蚀钻拖拽绒啃肠跄啧饿诱桌咱额烦耸觑搞绿养悬钩蹭鸡较节录讲婴媳妇骄伦绍眯绵钱壳卖频挖值买缘肃锅邻汉摔吵宽帕兹摊贸荣仑崽诶睑篮驳铃测盼韧牺劲畅滥资维萦创赐骤奖艰户诚绩扫腻谋骗码桨桥协偷鱼漩涡监涉忒揭祸伪误瞒绊傻馈喔筹锋铮锵赢帐纵亏咧营劝缨侦骚颂觊觎构亿烬损顽齑乌蛊谎窜闯蹬悯狱针岁宫钉饶皱戏岂祂链蕴砍啰嗦猡竖财衅恳阱尴尬庆嗨铭纪踩缕谣痉挛藓嗖讽巅苏赖凑歧业载拟侣谧钥呓胧咻咿泞嘤蜕坛撅肿噜哑啵讥绑嘻钝沦驾驭账罗酝酿凯岛绞嘿唧壶娆嗒哔咂搔嚓嘬嗫嚅旷馁瞄蛀骜驯谑缔熠朵挚霭骂擞喵缮骋贼齐钧獠陡铺逛饭艺晾储踢饥龄扔嶙峋咔崭吱耍嘟囔榨膛玷澜恸涣购搁晌键涟漪芜盎琐丫谕舰郑嘈栈兰银雳垒瞧捅坟铿叽铠窝骷髅专诩鹅络臃虏翱颐谦逊谒厅陈签订趟惮唬啥撂惋犷锤检卧眨脓匮躏奶铲茧懒贫训跺垃圾辈烘锈饲贡囊哗谙绰宠帅聪裤捂颜挠萝缭灿穷搪撬项呲褴褛讳宾赚佣颠冻赔饵哒煞辆吆疤诵渍卢辽啸妈疙瘩滤溉钢姬缰译怆嚎凿拢瘪肮唰综衬础羁嗡辗盏棱胳鉴诲贬掺绸糙逻疗阐镖剁耷盹踱诊钦岗谐垦荫斓屿姣销趴剂摹瘙妩颚缴铛咣哐硕绚翘辫嘀勋敛憋侄侬绯涂眶霉绣帜飒贤撇浇烛农阅蜡诽谤抿瞩贱剜诈娴评铐噔蘸啐锯窸窣潇泼砰谄颇喳竞噘媞靶搂辩阂慑莲辙鸭踮贞栏览忏谩刨辑毙篡棂讯捆盔聋媲啷嗬谱砖狮俏踹忡磷谏拴阁纡镶蓓垫侥汤嗓巩踌晖弈诣鳞桩锄毗镰岖辖掐纱觐觅赘袅贺鹤嚷闺谍绅钓缜陨镳懑债颔粼诧蹦孙咪俨仓浏诬贩铅诀窍娱垩棵镌痪掷垄谀赠栋搡捣"
  },
  "locale_emulator": {
    "enable": true,
    "codepage": 932,
    "locale": 1041,
    "charset": 128,
    "timezone": "Tokyo Standard Time",
    "wait_for_exit": false
  },
  "font_manager": {
    "enable": true,
    "resource_files": [
      "simhei.ttf"
    ],
    "spoof_enumeration": {
      "enable": false,
      "filter_pitch_and_family": 0,
      "filter_charset": 1,
      "spoof_charset": 128
    },
    "spoof_creation": {
      "enable": true,
      "override_face": "黑体",
      "override_charset": 134
    }
  }
}