{
  "injector": {
    "enable": true,
    "print_loaded_modules": false
  },
  "allocate_console": false,
  "tunnel_decoder": {
    "enable": false,
    "mapping": ""
  },
  "character_substitution": {
    "enable": true,
    "source_characters": "樣話問題堯説結紗為華麗贏証麼種東遙実際難動槇買貴雖対錯現線狢齡鰾鱚這龜長擺舗満級別適愛純噴紅綾靜邊瀏覧鼇凜們絵鶺軟覚時間確絶鷽撻敵鶫讓請驫臉鵙過応該変餽還―瑤換頭髪剛議調顔臓膚熾熱銛櫓毎痙攣緊夾暫皺懇開経瘋緒転饋楽顧継続齧蕩態強顫揺興親歓鉤僅貫頂処並繊細紐進勢豐達纏繞囲嗚壷澤鷁潤渇翹鴒項鏈飾閃圓佇鳫嘗僂給濃語厳鷆視嬌訴負寵討厭関認擾論謂顕軽撫順側蕋鄰隠爾穏響連鼕減導総伝縫膩絲綢頚試終帯悪奮諒齣設計風鮮裝積両謝鼡異幇専備講聖襪慣襾鏡類検査煩顆鈕徹襯艶見門鐔営業畢驤贐許張簾鯔嘆傭離鶇規護執臨簡単鈴繽紛遺齒鰰電劃懶習擁権圖獲誰鱶貧夥閑緩渋撃勝識賛鳴遜復質誘撓師遷侶運飢歳鰡騒筆鼈銭場観極額麭鮠剤漸驚訝陰縮駲懲罰襲圧節歯釿劇倣輪弾傷脳傾鶯則戯聾鷭黨偸記誤倆諺鎬斉鶲皷課頁測験談閉諍憂慮養鉋績處悧紙喪鬨廃麌霊櫃売鮓鹹補嚇書鐘鷏堅誇須義毀選優釁損団組鋭紹鬪挙栲鶏輩齢驃紀責帰帥資鵞駁焼兌魯頽勁歩縁鵐閇銷鬥騙歴癆塗針詳鳥懐飛殺違髮鵤饐奪揮龍闖魚哢錏錚険員媽園裃賺島輔陣賠償約孫蹠釈較詞瑪茲鬧塊貨緑盤鞨頬費報訂値遅寛締貿罷馬維喩鯆輸晩謀譜鎮罵朶亜館凍匯鰆竜轎車財鱆體黐輌鞁暢飲競湊鵺蘰鍵飄鱇喬鳧聡欄搶瑣鯣麩練躰務揚窮隣騎飯掃聞謎宮諷蝨錢犠撥辮戰鞆饒環厖蟷攅獸猟劉詐駕駛唄庁點鞜樹驗絋頓馳礎雑悶郵蘂髢頻敗読鎔悩淨蝿鶸碼標賀鰈採擬鵝叢層済鳳餡餅鵁鴾擇創荅糾飃懃攤吶塁婦闍邁渾戸溌審逓狽麁蹌薬訓暈躱鴃販醤階諸倉庫竪祕烱髞撲濶擠縛鉄貼鷄窩攬袙遠妬輳衛衵購撹療労農勧塩鐇織領憶濺濁煉檻諱呑陽畳嘖讌囂桜牽萬鬚蝦殻鹽鑑粛瞞爛憫唖栄滾謄阯諠譌紋職鰕搾産潰揀汚漬腫監獄絹尋餓洶滲鰊騰闢鏘塋餔濫雜術賊躡謹烏鴉巣褻鰒憤協鮨鮗煥賢駈鋺靫驛懾詭焔轟滅餘鯰羅災髱統竄預絞髣脹詢鏥鍋聯綫鑰虧梱刪構浹蘭亀膵幣鰻評瓏賞鉚轢顯鷹慶軣蘿鰺飆軍隊漲",
    "target_characters": "样话问题啊说结纱为华丽赢证么种东呢实际难动吧买贵虽对错现线诶办尴尬这吗长摆铺满级别适爱纯喷红绫噗边浏览厉你们绘嗯软觉时间确绝哼挞敌喂让请垫脸扔过应该变捂还—她换头发刚议调颜脏肤炽热哧噜每痉挛紧夹暂皱恳开经疯绪转馈乐顾继续哪荡态强颤摇兴亲欢够仅贯顶处拼纤细扭进势丰达缠绕围呜壶泽裤润渴翘脖项链饰闪圆伫玫尝搂给浓语严瞪视娇诉负宠讨厌关认扰论谓显轻抚顺侧咿另隐尔稳响连啦减导总传缝腻丝绸颈试终带恶奋谅沉设计风鲜媲积两谢您异帮专备讲圣袜惯撅镜类检查烦颗纽彻衬艳见门呃营业毕镶妩许张帘咦叹佣离嘻规护执临简单铃缤纷遗份糕电划懒习拥权图获谁嚷贫伙闲缓涩击胜识赞鸣逊复质诱挠师迁侣运饥岁咕骚笔桌钱场观极额碰啪剂渐惊讶阴缩咧惩罚袭压节齿嗒剧仿轮弹伤脑倾哎则戏聋姬奶偷记误俩谚搞齐摔懂课页测验谈闭睁忧虑养跑绩窸窣纸丧吱废挡灵柜卖眯嘿补吓书钟丢坚垮须义毁选优衅损团组锐绍桩举烤鸡辈龄镖纪责归帅资撑驳烧兑鲁颓劲步缘吵讪销诈骗历唠涂针详鸟怀飞杀违咚唉瞄夺挥咙闯鱼咔啷挣险员妈园卡赚岛辅阵赔偿约孙搐释较词玛兹闹块货绿盘嘎颊费报订值迟宽缔贸罢马维喻趴输晚谋谱镇骂朵亚馆冻汇啥龙轿车财绑啤爹辆舔畅饮竞凑盯喏键飘甩瞧谎聪栏抢琐胳傻练坝务扬穷邻骑饭扫闻谜宫讽哒瞟牺拨辫战瘫饶环庞柠攒兽猎刘眨驾驶呗厅爸橱树嘟逛顿驰础杂闷邮瞌嗡频败读坷恼净蝇扯码标贺砰踩拟鹅丛层济凤馅饼咖啡择创唰纠蹦嘞摊呐垒妇拽迈浑户泼审递狈躺跄药训晕躲愣贩酱阶诸仓库竖哔啵膛扑肮挤缚铁贴踢窝拦帕远妒揍卫咻购搅疗劳农劝盐糙织领忆溅浊炼槛讳吞阳叠啧嚓嚣樱牵腌碟虾壳拖鉴肃瞒烂悯哑荣滚誊屉忐忑纹职塌榨产溃捡污渍肿监狱绢寻饿汹渗趟腾呛锵荧阱滥唬术贼蹑谨乌鸦巢亵磕愤协垃圾焕贤瘙蹭茬烘慑诡焰轰灭拎俏罗灾烫统窜预绞筷胀询抿锅联饪钥亏捆删构浃兰龟蟑币鳗评珑赏铆啰嗦鹰庆嗨萝账飙军队涨"
  },
  "locale_emulator": {
    "enable": true,
    "codepage": 932,
    "locale": 1041,
    "charset": 128,
    "timezone": "Tokyo Standard Time",
    "wait_for_exit": false
  },
  "font_manager": {
    "enable": true,
    "resource_files": [
      "simhei.ttf"
    ],
    "spoof_enumeration": {
      "enable": false,
      "filter_pitch_and_family": 0,
      "filter_charset": 1,
      "spoof_charset": 128
    },
    "spoof_creation": {
      "enable": true,
      "override_face": "simhei",
      "override_charset": 134
    }
  }
}