{
  "injector": {
    "enable": true,
    "print_loaded_modules": false
  },
  "allocate_console": false,
  "tunnel_decoder": {
    "enable": false,
    "mapping": ""
  },
  "character_substitution": {
    "enable": true,
    "source_characters":"鶺進論黒変務這樣電視懶過総覚費時間錯遙実鶫麼凜龜経説齧ー買結堯夥偸槇種悪勢現門鎖東鮠們備鑰鰡還頭鳰臉揀給換僅処闖謂訓為鐔吶毎帯讓話邊緊対終談報調査動詢問髪粧類狢該見題齡練驫骭伝達釈鞨運別攬遠鉤醤響鳴庁張鉋鷆嗚確認鯔剛復嚇難獲応瑪裃挙開啓環憊霊戰険師両鶯煩雖揺擺顧書態攤細驛瑤絶鰰関術順懐奪並鹹組織鷽掃麭鵞圧撃擠哢騎撫騒擾興識緑竜襲焼傷詩審訊職場飽晩齒強鵙鬧責簡諒鷏鼕勁鰊車請鼡紀員謝習慣訪記簽逓紙続較軽虧線殻隠長濫権級驚麌誰漲紅馬規蒼鞴鑿証衆詞離畢歩軟豐満須預頬訝鷁鏈陰鞆囲鵺艶脳漸熱許陣鞁頂倣讌蹠則継専奮靜膩纏繞幇鶏皺鴒珎櫓顫斉異貼呑鼇顕転誘愛誠絲縮試圖験鮮夾鄰貪飾蕋瘋鵤紐連擁麁燦爛議選擇執風閑訴暫侶鵐検朶褻慮観採瀝劇撥閙録歓繃堅鏡騰懇奨賞襪膚搶計劃擣妬焔鱇撲騙鱗勧厳標協櫃飯際鐘栲顳嘗課鼈親導閃節鰾鱚畳鎬皷飃適約贐緩猟牆積極齣閉弾歯鑚顎縫繊輪増宮蕩釿駆鬨歴匯鈑傾納顔痙攣鯲寵遅頻粛鶇憤鱆溝滾語罵鯰・貝創団穏滅糾産層遺謬爾値懲罰厭飛喪雑軣鰆補業購鉄聯揮陽鮓聖縁隣偉負鴃講湊領筆襯鈕罷楽驟攅義躱翹喚徹潰亀討嬌寛臨憶譜設臓郷煉暈渋龍単優揚側拡髱潤輸敗搾帰読鳧諍滌淨詭敵悩殺輩測園鰒麩懸碼統誤薬飲紳額滲労聞暢牽鈴湯閖餽針尋鶸饒戸遜喩聡頼濺釁撹犠媽謹竪戯頁嘩檸躪嘖膰駲襍噴濁鶲覧緒儀資純剤钁魚腸圓獸蝕轟鈞鋭療霧縄縛邁鉉鰤盤簾鰕喞譴髮紗訂錚歛躍渇尢銷嘆脹襾荅獅餌勝鈎飄馼鯆載窺闢餝髢歳瑣構蘿銛鰛徳貢痩詳贅売礎帥懃鋺衵貴虜績銭塵頓傘溌違減憂渉鹽護謀蝨赱謙艱営賄賂鎹羈絆熾償竅髞藝館養澤凍塗倆蟷塊鍋襃賭荵顆黴災錣洶灘懾蝪籌棟絅隊擲項質鷄済誕貧窮蘇臥悶點爍鎧阯剣誂隴絡輛亜賽舗撓贏餔頑跿膵紋輳渾茖繝殱廃鮴刪栄郵掲偽編輯摂評鏘貨銹鍛華顛蔘駁貸參潔貫羅僥籃辮賛麗嫻輌監獄欄倉庫觧餓驗覩鋸軌駮飼聳叢凱臘財販鬥賺羨銅鑼輙樹澆腫黨塩毀諷鰮寧靭綿頚汚穢詐朧鈔厠錢漢鎮階僂厖鍵欖濃閧鰈謎偵魯窪鵁鴾銀慚紹維頽鴿閲蝦鰻窩賢閇諧島隱倫袙禪豈軍暁飢貶鋒縦濶鬘髣鰺嘔診衛囂躡漬鹸麥脇浹巣錘瘡茣薩爺釘驃損梱烱銘羮誇颯貞鞐鈍繚昿競紛萓馳齢賦銜淪驕邏唄雜鑢絋慶霑訳鮨鮗絵觸慫鬚贖鴉靱繹颪鑒渦遉撈墳軸襠鯊誼蠑婦體藹禿謡鱶贈戻釟蝿谺倹蘊貎釶釀膠綜禍鐇煥瀟幣諭鯣顏廂銕綻賎輔絨隨臍綴陳賓槍閨饐釖陸鍜鞜儲訣蓮岡",
    "target_characters":"嗯进论黑变务这样电视懒过总觉费时间错呢实喂么你吗经说哪—买结啊伙偷吧种恶势现门锁东啪们备钥咕还头砸脸捡给换仅处闯谓训为呃呐每带让话边紧对终谈报调查动询问发妆类诶该见题办练垫赶传达释嘎运别拦远够酱响鸣厅张跑瞪呜确认咦刚复吓难获应玛卡举开启环惫灵战险师两哎烦虽摇摆顾书态摊细烘她绝糕关术顺怀夺拼嘿组织哼扫碰撑压击挤咔骑抚骚扰兴识绿龙袭烧伤诗审讯职场饱晚份强扔闹责简谅丢啦劲趟车请您纪员谢习惯访记签递纸续较轻亏线壳隐长滥权级惊挡谁涨红马规苍瘾凿证众词离毕步软丰满须预颊讶裤链阴瘫围盯艳脑渐热许阵舔顶仿嚓搐则继专奋噗腻缠绕帮鸡皱脖撸噜颤齐异贴吞厉显转诱爱诚丝缩试图验鲜夹另贪饰咿疯唉扭连拥躺灿烂议选择执风闲诉暂侣吵检朵亵虑观踩沥剧拨喽录欢绷坚镜腾恳奖赏袜肤抢计划捣妒焰甩扑骗鳞劝严标协柜饭际钟烤噢尝课桌亲导闪节尴尬叠搞懂蹦适约妩缓猎墙积极沉闭弹齿钻颚缝纤轮增宫荡嗒驱吱历汇扳倾纳颜痉挛咪宠迟频肃嘻愤绑沟滚语骂俏·贝创团稳灭纠产层遗谬尔值惩罚厌飞丧杂嗨啥补业购铁联挥阳眯圣缘邻伟负愣讲凑领笔衬纽罢乐骤攒义躲翘唤彻溃龟讨娇宽临忆谱设脏乡炼晕涩咙单优扬侧扩烫润输败榨归读谎睁涤净诡敌恼杀辈测园磕傻悬码统误药饮绅额渗劳闻畅牵铃汤飕捂针寻扯饶户逊喻聪赖溅衅搅牺妈谨竖戏页哗拧躏啧咂咧嘀喷浊摔览绪仪资纯剂氧鱼肠圆兽蚀轰钧锐疗雾绳缚迈炫哟盘帘塌唧谴咚纱订挣敛跃渴鱿销叹胀撅唰狮饵胜钩飘眶趴载窥呛惕嗡岁琐构萝哧耍德贡瘦详赘卖础帅嘞蹭咻贵虏绩钱尘顿伞泼违减忧涉拖护谋哒靶谦艰营贿赂铐羁绊炽偿窍膛艺馆养泽冻涂俩柠块锅煲赌舀颗霉灾桨汹滩慑刨筹栋纫队掷项质踢济诞贫穷苏卧闷爸烁铠屉剑掰拢络跤亚赛铺挠赢阱顽瘪蟑纹揍浑噼锏歼废挪删荣邮揭伪编辑摄评锵货锈锻华颠嘭驳贷掺洁贯罗侥篮辫赞丽娴辆监狱栏仓库撬饿嘟囔锯轨揪饲耸丛凯腊财贩诈赚羡铜锣拴树浇肿奶盐毁讽喔宁韧绵颈污秽眨胧钞厕瞟汉镇阶搂庞键榄浓憋砰谜侦鲁挖咖啡银惭绍维颓鸽阅虾鳗窝贤讪谐岛匀伦帕氯岂军晓饥贬锋纵肮孽筷账呕诊卫嚣蹑渍皂丫胁浃巢锤疮獠萨爷钉镖损捆啵铭茁垮飒贞掐钝缭旷竞纷擞驰龄赋衔沦骄逻呗唬叽逛庆玷译垃圾绘叼怂碟赎鸦疤绎觑漩涡擎捞坟轴裆鲨谊抠妇啤蔼秃谣嚷赠氦扒蝇晾俭蕴喵酝酿胶综祸糙焕潇币谕胳噩厢崽绽贱辅绒跺脐缀陈宾枪闺瞄偎陆钮橱储诀莲冈"
  },
  "locale_emulator": {
    "enable": true,
    "codepage": 932,
    "locale": 1041,
    "charset": 128,
    "timezone": "Tokyo Standard Time",
    "wait_for_exit": false
  },
  "font_manager": {
    "enable": true,
    "resource_files": [
      "simhei.ttf"
    ],
    "spoof_enumeration": {
      "enable": false,
      "filter_pitch_and_family": 0,
      "filter_charset": 1,
      "spoof_charset": 128
    },
    "spoof_creation": {
      "enable": true,
      "override_face": "simhei",
      "override_charset": 134
    }
  }
}