<?xml version="1.0" encoding="UTF-8"?>
<document>
  <GENERAL>
    <screensaver>1</screensaver>
    <camouflage>0</camouflage>
  </GENERAL>

  <SCREEN>
    <width>1280</width>
    <height>720</height>
    <v_width>1280</v_width>
    <v_height>720</v_height>
    <fps>60</fps>
    <no_skip>0</no_skip>
    <list>
      <type0>
        <w>640</w>
        <h>360</h>
      </type0>
      <type1>
        <w>800</w>
        <h>450</h>
      </type1>
      <type2>
        <w>1024</w>
        <h>576</h>
      </type2>
      <type3>
        <w>1280</w>
        <h>720</h>
      </type3>
      <type4>
        <w>1920</w>
        <h>1080</h>
      </type4>
    </list>
    <full_size>0</full_size>
    <full_pos>0</full_pos>
    <mw_pos>0</mw_pos>
    <wall>1</wall>
    <frameimg>image.int/sys_frame.hg3</frameimg>
    <limit>1</limit>
    <no_full_res>1</no_full_res>
  </SCREEN>

  <APP>
    <title>はぴねす！2りらっくす  Gpt4o-1120+DeepseekV3翻译补丁 by@雨宮ゆうこ</title>
    <mutex>WM_HP2REMUTEXOBJ</mutex>
    <mutex_cfg>WM_HP2REMUTEXOBJ_CONFIG</mutex_cfg>
    <cdid>happiness2relucks.id</cdid>
    <v_code>WM-DZA6XQRM</v_code>
    <icon>icon.ico</icon>
    <iconno>0</iconno>
    <banner>banner.bmp</banner>
    <imgcache>32</imgcache>
    <direct>0</direct>
    <cdpath>data</cdpath>
    <tweet>1</tweet>
  </APP>

  <language>
    <default>0</default>

    <L00>
      <code>1028</code>
      <prefix>cn</prefix>
      <lang>简体中文</lang>
      <accel>C</accel>
      <accelsub>CS</accelsub>
    </L00>

	<enable_sub>0</enable_sub>

	<OPTTABLE>config.int/gamelangtbl_%LANG_M%.txt</OPTTABLE>
  </language>

  <INFO>
    <file>ＰＣレポート.txt</file>
    <comment>■■ＰＣレポート■■\n\n「ゲームが動かない」「ゲーム画面が異常」「ゲーム途中で止まる」など、ゲームプレイに異常が出る場合、 症状を明記しましたメールにこのファイル（ＰＣレポート.txt）を添付して、ういんどみるサポートまでお送り下さい。\n\nういんどみるサポート E-Mail [support@suki.jp]\n\n\n\n</comment>
  </INFO>

  <VERSION>
    <ini>20</ini>
    <major>1</major>
    <minor>0</minor>
  </VERSION>

  <WEB>
    <url>https://windmill.suki.jp/product/relucks2/</url>
  </WEB>

  <SCRIPT>
    <start>kcs.int/main.kcs</start>
	<!--
    <replace>
    	<r00>
    		<find>\_</find>
    		<rep> </rep>
    	</r00>
    </replace>
    -->
  </SCRIPT>

	<SCENELIST>
		<convert>
			<current>scene</current>
			<!--
			<command>mc.exe</command>
			<param>*.*</param>
			-->
			<command>convert_all.bat</command>
			<param></param>
		</convert>
	</SCENELIST>

  <GAME>
	<string>
		<wipe>1</wipe>
	</string>
    <wndcolor>
      <r>0</r>
      <g>0</g>
      <b>0</b>
      <a>80</a>
    </wndcolor>
    <enabledrag>1</enabledrag>
    <enablefullskip>1</enablefullskip>
    <strframe_count>11</strframe_count>
    <strframe_frame>5</strframe_frame>  <!-- n/10 フレーム単位 -->
    <autoframe_count>11</autoframe_count>
    <autopriset>
      <p00>
	    <base>0</base>
	    <char>0</char>
	  </p00>
      <p01>
	    <base>3</base>
	    <char>5</char>
	  </p01>
      <p02>
	    <base>6</base>
	    <char>7</char>
	  </p02>
      <p03>
	    <base>12</base>
	    <char>7</char>
	  </p03>
      <p04>
	    <base>15</base>
	    <char>5</char>
	  </p04>
      <p05>
	    <base>16</base>
	    <char>9</char>
	  </p05>
      <p06>
	    <base>17</base>
	    <char>12</char>
	  </p06>
      <p07>
	    <base>21</base>
	    <char>11</char>
	  </p07>
      <p08>
	    <base>25</base>
	    <char>12</char>
	  </p08>
      <p09>
	    <base>29</base>
	    <char>16</char>
	  </p09>
      <p10>
	    <base>35</base>
	    <char>20</char>
	  </p10>
    </autopriset>
    <disp_frame>0</disp_frame>

    <!--
    <log>
    	<col>100</col>
    	<prof>0</prof>
    	<nameline>0</nameline>
    	<indent>0</indent>
   		<nameindent>0</nameindent>
   		<space>0</space>
   		<escape>1</escape>
   		<disp>
   			<mes>1</mes>
   			<name>0</name>
   		</disp>
    	<nameformat>
    		<first>【</first>
    		<last>】</last>
    	</nameformat>
    	<limit>100</limit>
    </log>
    -->

    <log>
    	<col>1000</col>
    	<prof>0</prof>
    	<nameline>0</nameline>
    	<indent>0</indent>
   		<nameindent>0</nameindent>
   		<space>0</space>
   		<escape>1</escape>
   		<disp>
   			<mes>1</mes>
   			<name>0</name>
   		</disp>
    	<nameformat>
     		<first>【</first>
    		<last>】</last>
    	</nameformat>
    	<limit>100</limit>
    </log>

    <flag>
      <max>1536</max>
      <local0>
        <start>0</start>
        <count>512</count>
      </local0>
      <global0>
        <start>512</start>
        <count>1024</count>
      </global0>
    </flag>

    <read>
    	<enable>0</enable>
	    <color>0xff0000ff</color>
	</read>

	<cgregmode>0</cgregmode>

  </GAME>

  <FONT>
    <face>
    	<f00>ＭＳ ゴシック</f00>
    	<f01>ＭＳ ゴシック</f01>
    </face>
    <faceruby>
    	<f00>ＭＳ ゴシック</f00>
    	<f01>ＭＳ ゴシック</f01>
    </faceruby>
    <shadow>
    	<around>1</around>
    	<rightdown>1</rightdown>
    </shadow>
  </FONT>

  <CURSOR>
    <type>1</type>
  </CURSOR>

  <ETC>
    <heap>1048576</heap>
    <dragwnd>1</dragwnd>
  </ETC>

  <TEXTURE>
    <size>
      <x>256</x>
      <y>256</y>
    </size>
    <vt>
      <x>12</x>
      <y>31</y>
    </vt>
    <area00>
      <sx>0</sx>
      <sy>0</sy>
      <dx>12</dx>
      <dy>10</dy>
    </area00>
    <area01>
      <sx>0</sx>
      <sy>10</sy>
      <dx>12</dx>
      <dy>3</dy>
    </area01>
    <area02>
      <sx>0</sx>
      <sy>13</sy>
      <dx>10</dx>
      <dy>8</dy>
    </area02>
    <area03>
      <sx>0</sx>
      <sy>21</sy>
      <dx>10</dx>
      <dy>6</dy>
    </area03>
    <area04>
      <sx>0</sx>
      <sy>27</sy>
      <dx>5</dx>
      <dy>4</dy>
    </area04>
    <bpp32y>0</bpp32y>
    <bpp16y>21</bpp16y>

    <bpp>32</bpp>
    <filter_min>1</filter_min>
    <filter_mag>1</filter_mag>
    <dither>1</dither>
  </TEXTURE>

  <SHADER>
    <VERTEX_MA>0</VERTEX_MA>
    <VERTEX_MI>0</VERTEX_MI>
    <PIXEL_MA>0</PIXEL_MA>
    <PIXEL_MI>0</PIXEL_MI>
  </SHADER>

  <FOLDER>
    <!--<save>%USERPROFILE%\%brand%\%title%</save>-->
    <save>%USERPROFILE%\%brand%\はぴねす！2りらっくす</save>
    <!--<save>.\save</save>-->
  </FOLDER>

  <SOUND>
    <use3d>0</use3d>
    <sticky>1</sticky>
  </SOUND>

  <MANUAL>
    <path>manual\index.html</path>
  </MANUAL>

  <CONFIG_B>
    <mode>0</mode>
	<key>1</key>
	<snd>0</snd>
	<eff>0</eff>
	<wnd>0</wnd>
	<mes>0</mes>
	<font>0</font>
	<wnd_alpha>0</wnd_alpha>
	<view3d>0</view3d>
	<sysv>0</sysv>
	<autoselect>0</autoselect>
  </CONFIG_B>

  <SOUNDCONFIG>soundconf.xml</SOUNDCONFIG>

  <INT>
    <need00>0</need00>
    <need01>1</need01>
    <need02>2</need02>
    <need03>5</need03>
    <need04>6</need04>
    <need05>7</need05>
    <need06>8</need06>
    <need07>12</need07>
    <need08>13</need08>
    <need09>14</need09>
    <need10>19</need10>
    <need11>20</need11>
    <need12>22</need12>
    <need13>23</need13>
    <need14>24</need14>
    <need15>25</need15>
    <need16>26</need16>
    <need17>27</need17>
    <need18>28</need18>
    <need19>29</need19>
    <need20>30</need20>
    <need21>31</need21>
    <need22>32</need22>
    <need23>47</need23>
    <need24>-1</need24>

    <int00>
      <name>image</name>
      <int>image.int</int>
      <ext>hg3</ext>
      <dir>image</dir>
    </int00>
    <int01>
      <name>kcs</name>
      <int>kcs.int</int>
      <ext>kcs</ext>
      <dir>kcs</dir>
    </int01>
    <int02>
      <name>scene</name>
      <int>scene.int</int>
      <ext>cst</ext>
      <dir>scene</dir>
    </int02>
    <int03>
      <name>kx2</name>
      <int>kx2.int</int>
      <ext>kx2</ext>
      <dir>kx2</dir>
    </int03>
    <int04>
      <name>dummy</name>
      <int>dummy.int</int>
      <ext>dmy</ext>
      <dir>dmy</dir>
    </int04>
    <int05>
      <name>movie</name>
      <int>movie.int</int>
      <ext>mpg</ext>
      <dir>movie</dir>
    </int05>
    <int06>
      <name>ptcl</name>
      <int>ptcl.int</int>
      <ext>kcs</ext>
      <dir>ptcl</dir>
    </int06>
    <int07>
      <name>mot</name>
      <int>mot.int</int>
      <ext>kcs</ext>
      <dir>mot</dir>
    </int07>
    <int08>
      <name>fes</name>
      <int>fes.int</int>
      <ext>fes</ext>
      <dir>fes</dir>
    </int08>
    <int09>
      <name>database</name>
      <int>qdb.int</int>
      <ext>qdb</ext>
      <dir>qdb</dir>
    </int09>
    <int10>
      <name>ptclpi</name>
      <int>dummy.int</int>
      <ext>ppi</ext>
      <dir>ptclpi</dir>
    </int10>
    <int11>
      <name>dummy</name>
      <int>dummy.int</int>
      <ext>dmy</ext>
      <dir>dmy</dir>
    </int11>
    <int12>
      <name>ptcldat</name>
      <int>ptcldat.int</int>
      <ext>xml</ext>
      <dir>ptcldat</dir>
    </int12>
    <int13>
      <name>config</name>
      <int>config.int</int>
      <ext>xml</ext>
      <dir>config</dir>
    </int13>
    <int14>
      <name>tag</name>
      <int>pcm_tag.int</int>
      <ext>tag</ext>
      <dir>sound\tag</dir>
    </int14>
    <int15>
      <name>export</name>
      <int>export.int</int>
      <ext>zt</ext>
      <dir>export</dir>
    </int15>
    <int16>
      <name>m2config</name>
      <int>m2config.int</int>
      <ext>cnf</ext>
      <dir>m2config</dir>
    </int16>
    <int17>
      <name>m2psb</name>
      <int>psz.int</int>
      <ext>psz</ext>
      <dir>psz</dir>
    </int17>
    <int18>
      <name>veff</name>
      <int>veff.int</int>
      <ext>avi</ext>
      <dir>veff</dir>
    </int18>
    <int19>
      <name>bgm</name>
      <int>bgm.int</int>
      <ext>ogg</ext>
      <dir>sound\bgm</dir>
    </int19>
    <int20>
      <name>se</name>
      <int>se.int</int>
      <ext>ogg</ext>
      <dir>sound\se</dir>
    </int20>
    <int21>
      <name>hse</name>
      <int>hse.int</int>
      <ext>ogg</ext>
      <dir>sound\hse</dir>
    </int21>

    <int22 voice="A">
      <name>pcm_a</name>
      <int>pcm_a.int</int>
      <ext>ogg</ext>
      <dir>sound\a</dir>
    </int22>
    <int23 voice="B">
      <name>pcm_b</name>
      <int>pcm_b.int</int>
      <ext>ogg</ext>
      <dir>sound\b</dir>
    </int23>
    <int24 voice="C">
      <name>pcm_c</name>
      <int>pcm_c.int</int>
      <ext>ogg</ext>
      <dir>sound\c</dir>
    </int24>
    <int25 voice="D">
      <name>pcm_d</name>
      <int>pcm_d.int</int>
      <ext>ogg</ext>
      <dir>sound\d</dir>
    </int25>
    <int26 voice="E">
      <name>pcm_e</name>
      <int>pcm_e.int</int>
      <ext>ogg</ext>
      <dir>sound\e</dir>
    </int26>
    <int27 voice="F">
      <name>pcm_f</name>
      <int>pcm_f.int</int>
      <ext>ogg</ext>
      <dir>sound\f</dir>
    </int27>
    <int28 voice="G">
      <name>pcm_g</name>
      <int>pcm_g.int</int>
      <ext>ogg</ext>
      <dir>sound\g</dir>
    </int28>
    <int29 voice="H">
      <name>pcm_h</name>
      <int>pcm_h.int</int>
      <ext>ogg</ext>
      <dir>sound\h</dir>
    </int29>
    <int30 voice="I">
      <name>pcm_i</name>
      <int>pcm_i.int</int>
      <ext>ogg</ext>
      <dir>sound\i</dir>
    </int30>
    <int31 voice="J">
      <name>pcm_j</name>
      <int>pcm_j.int</int>
      <ext>ogg</ext>
      <dir>sound\j</dir>
    </int31>
    <int32 voice="K">
      <name>pcm_k</name>
      <int>pcm_k.int</int>
      <ext>ogg</ext>
      <dir>sound\k</dir>
    </int32>
    <int33 voice="L">
      <name>pcm_l</name>
      <int>pcm_l.int</int>
      <ext>ogg</ext>
      <dir>sound\l</dir>
    </int33>
    <int34 voice="M">
      <name>pcm_m</name>
      <int>pcm_m.int</int>
      <ext>ogg</ext>
      <dir>sound\m</dir>
    </int34>
    <int35 voice="N">
      <name>pcm_n</name>
      <int>pcm_n.int</int>
      <ext>ogg</ext>
      <dir>sound\n</dir>
    </int35>
    <int36 voice="O">
      <name>pcm_o</name>
      <int>pcm_o.int</int>
      <ext>ogg</ext>
      <dir>sound\o</dir>
    </int36>
    <int37 voice="P">
      <name>pcm_p</name>
      <int>pcm_p.int</int>
      <ext>ogg</ext>
      <dir>sound\p</dir>
    </int37>
    <int38 voice="Q">
      <name>pcm_q</name>
      <int>pcm_q.int</int>
      <ext>ogg</ext>
      <dir>sound\q</dir>
    </int38>
    <int39 voice="R">
      <name>pcm_r</name>
      <int>pcm_r.int</int>
      <ext>ogg</ext>
      <dir>sound\r</dir>
    </int39>
    <int40 voice="S">
      <name>pcm_s</name>
      <int>pcm_s.int</int>
      <ext>ogg</ext>
      <dir>sound\s</dir>
    </int40>
    <int41 voice="T">
      <name>pcm_t</name>
      <int>pcm_t.int</int>
      <ext>ogg</ext>
      <dir>sound\t</dir>
    </int41>
    <int42 voice="U">
      <name>pcm_u</name>
      <int>pcm_u.int</int>
      <ext>ogg</ext>
      <dir>sound\u</dir>
    </int42>
    <int43 voice="V">
      <name>pcm_v</name>
      <int>pcm_z.int</int>
      <ext>ogg</ext>
      <dir>sound\z</dir>
    </int43>
    <int44 voice="W">
      <name>pcm_w</name>
      <int>pcm_z.int</int>
      <ext>ogg</ext>
      <dir>sound\z</dir>
    </int44>
    <int45 voice="X">
      <name>pcm_x</name>
      <int>pcm_z.int</int>
      <ext>ogg</ext>
      <dir>sound\z</dir>
    </int45>
    <int46 voice="Y">
      <name>pcm_y</name>
      <int>pcm_z.int</int>
      <ext>ogg</ext>
      <dir>sound\z</dir>
    </int46>
    <int47 voice="Z">
      <name>pcm_z</name>
      <int>pcm_z.int</int>
      <ext>ogg</ext>
      <dir>sound\z</dir>
    </int47>

    <int48 voice="BGVoice">
      <name>bgv</name>
      <int>bgv.int</int>
      <ext>ogg</ext>
      <dir>sound\bgv</dir>
    </int48>
    <int49 voice="BGSE">
      <name>bgse</name>
      <int>bgse.int</int>
      <ext>ogg</ext>
      <dir>sound\bgse</dir>
    </int49>

  </INT>

  <KEYCUSTOMIZE>
    <key00>
      <name>決定</name>
      <keyboard1>13</keyboard1>
      <keyboard2>90</keyboard2>
      <mouse1>1</mouse1>
      <mouse2>0</mouse2>
      <joypad1>5</joypad1>
      <joypad2>0</joypad2>
      <touch1>0</touch1>
      <touch2>0</touch2>
      <rep_keyboard1>1</rep_keyboard1>
      <rep_keyboard2>0</rep_keyboard2>
      <rep_mouse1>0</rep_mouse1>
      <rep_mouse2>0</rep_mouse2>
      <rep_joypad1>0</rep_joypad1>
      <rep_joypad2>0</rep_joypad2>
      <rep_touch1>0</rep_touch1>
      <rep_touch2>0</rep_touch2>
    </key00>
    <key01>
      <name>キャンセル</name>
      <keyboard1>27</keyboard1>
      <keyboard2>32</keyboard2>
      <mouse1>3</mouse1>
      <mouse2>0</mouse2>
      <joypad1>6</joypad1>
      <joypad2>0</joypad2>
      <touch1>0</touch1>
      <touch2>0</touch2>
      <rep_keyboard1>0</rep_keyboard1>
      <rep_keyboard2>0</rep_keyboard2>
      <rep_mouse1>0</rep_mouse1>
      <rep_mouse2>0</rep_mouse2>
      <rep_joypad1>0</rep_joypad1>
      <rep_joypad2>0</rep_joypad2>
      <rep_touch1>0</rep_touch1>
      <rep_touch2>0</rep_touch2>
    </key01>
    <key02>
      <name>文章を進める</name>
      <keyboard1>13</keyboard1>
      <keyboard2>90</keyboard2>
      <mouse1>1</mouse1>
      <mouse2>7</mouse2>
      <joypad1>5</joypad1>
      <joypad2>0</joypad2>
      <touch1>0</touch1>
      <touch2>0</touch2>
      <rep_keyboard1>1</rep_keyboard1>
      <rep_keyboard2>0</rep_keyboard2>
      <rep_mouse1>0</rep_mouse1>
      <rep_mouse2>0</rep_mouse2>
      <rep_joypad1>0</rep_joypad1>
      <rep_joypad2>0</rep_joypad2>
      <rep_touch1>0</rep_touch1>
      <rep_touch2>0</rep_touch2>
    </key02>
    <key03>
      <name>メッセージウィンドウ消去</name>
      <keyboard1>27</keyboard1>
      <keyboard2>32</keyboard2>
      <mouse1>3</mouse1>
      <mouse2>0</mouse2>
      <joypad1>6</joypad1>
      <joypad2>0</joypad2>
      <touch1>0</touch1>
      <touch2>0</touch2>
      <rep_keyboard1>0</rep_keyboard1>
      <rep_keyboard2>0</rep_keyboard2>
      <rep_mouse1>0</rep_mouse1>
      <rep_mouse2>0</rep_mouse2>
      <rep_joypad1>0</rep_joypad1>
      <rep_joypad2>0</rep_joypad2>
      <rep_touch1>0</rep_touch1>
      <rep_touch2>0</rep_touch2>
    </key03>
    <key04>
      <name>カーソル↑移動</name>
      <keyboard1>38</keyboard1>
      <keyboard2>104</keyboard2>
      <mouse1>0</mouse1>
      <mouse2>0</mouse2>
      <joypad1>1</joypad1>
      <joypad2>0</joypad2>
      <touch1>0</touch1>
      <touch2>0</touch2>
      <rep_keyboard1>1</rep_keyboard1>
      <rep_keyboard2>1</rep_keyboard2>
      <rep_mouse1>0</rep_mouse1>
      <rep_mouse2>0</rep_mouse2>
      <rep_joypad1>1</rep_joypad1>
      <rep_joypad2>0</rep_joypad2>
      <rep_touch1>0</rep_touch1>
      <rep_touch2>0</rep_touch2>
    </key04>
    <key05>
      <name>カーソル↓移動</name>
      <keyboard1>40</keyboard1>
      <keyboard2>98</keyboard2>
      <mouse1>0</mouse1>
      <mouse2>0</mouse2>
      <joypad1>2</joypad1>
      <joypad2>0</joypad2>
      <touch1>0</touch1>
      <touch2>0</touch2>
      <rep_keyboard1>1</rep_keyboard1>
      <rep_keyboard2>1</rep_keyboard2>
      <rep_mouse1>0</rep_mouse1>
      <rep_mouse2>0</rep_mouse2>
      <rep_joypad1>1</rep_joypad1>
      <rep_joypad2>0</rep_joypad2>
      <rep_touch1>0</rep_touch1>
      <rep_touch2>0</rep_touch2>
    </key05>
    <key06>
      <name>カーソル←移動</name>
      <keyboard1>37</keyboard1>
      <keyboard2>100</keyboard2>
      <mouse1>0</mouse1>
      <mouse2>0</mouse2>
      <joypad1>3</joypad1>
      <joypad2>0</joypad2>
      <touch1>0</touch1>
      <touch2>0</touch2>
      <rep_keyboard1>1</rep_keyboard1>
      <rep_keyboard2>1</rep_keyboard2>
      <rep_mouse1>0</rep_mouse1>
      <rep_mouse2>0</rep_mouse2>
      <rep_joypad1>1</rep_joypad1>
      <rep_joypad2>0</rep_joypad2>
      <rep_touch1>0</rep_touch1>
      <rep_touch2>0</rep_touch2>
    </key06>
    <key07>
      <name>カーソル→移動</name>
      <keyboard1>39</keyboard1>
      <keyboard2>102</keyboard2>
      <mouse1>0</mouse1>
      <mouse2>0</mouse2>
      <joypad1>4</joypad1>
      <joypad2>0</joypad2>
      <touch1>0</touch1>
      <touch2>0</touch2>
      <rep_keyboard1>1</rep_keyboard1>
      <rep_keyboard2>1</rep_keyboard2>
      <rep_mouse1>0</rep_mouse1>
      <rep_mouse2>0</rep_mouse2>
      <rep_joypad1>1</rep_joypad1>
      <rep_joypad2>0</rep_joypad2>
      <rep_touch1>0</rep_touch1>
      <rep_touch2>0</rep_touch2>
    </key07>
    <key08>
      <name>スクロール↑</name>
      <keyboard1>38</keyboard1>
      <keyboard2>104</keyboard2>
      <mouse1>6</mouse1>
      <mouse2>0</mouse2>
      <joypad1>0</joypad1>
      <joypad2>0</joypad2>
      <touch1>0</touch1>
      <touch2>0</touch2>
      <rep_keyboard1>1</rep_keyboard1>
      <rep_keyboard2>1</rep_keyboard2>
      <rep_mouse1>0</rep_mouse1>
      <rep_mouse2>0</rep_mouse2>
      <rep_joypad1>0</rep_joypad1>
      <rep_joypad2>0</rep_joypad2>
      <rep_touch1>0</rep_touch1>
      <rep_touch2>0</rep_touch2>
    </key08>
    <key09>
      <name>スクロール↓</name>
      <keyboard1>40</keyboard1>
      <keyboard2>98</keyboard2>
      <mouse1>7</mouse1>
      <mouse2>0</mouse2>
      <joypad1>0</joypad1>
      <joypad2>0</joypad2>
      <touch1>0</touch1>
      <touch2>0</touch2>
      <rep_keyboard1>1</rep_keyboard1>
      <rep_keyboard2>1</rep_keyboard2>
      <rep_mouse1>0</rep_mouse1>
      <rep_mouse2>0</rep_mouse2>
      <rep_joypad1>0</rep_joypad1>
      <rep_joypad2>0</rep_joypad2>
      <rep_touch1>0</rep_touch1>
      <rep_touch2>0</rep_touch2>
    </key09>
    <key10>
      <name>１ページ↑</name>
      <keyboard1>33</keyboard1>
      <keyboard2>0</keyboard2>
      <mouse1>6</mouse1>
      <mouse2>0</mouse2>
      <joypad1>0</joypad1>
      <joypad2>0</joypad2>
      <touch1>0</touch1>
      <touch2>0</touch2>
      <rep_keyboard1>1</rep_keyboard1>
      <rep_keyboard2>0</rep_keyboard2>
      <rep_mouse1>0</rep_mouse1>
      <rep_mouse2>0</rep_mouse2>
      <rep_joypad1>0</rep_joypad1>
      <rep_joypad2>0</rep_joypad2>
      <rep_touch1>0</rep_touch1>
      <rep_touch2>0</rep_touch2>
    </key10>
    <key11>
      <name>１ページ↓</name>
      <keyboard1>34</keyboard1>
      <keyboard2>0</keyboard2>
      <mouse1>7</mouse1>
      <mouse2>0</mouse2>
      <joypad1>0</joypad1>
      <joypad2>0</joypad2>
      <touch1>0</touch1>
      <touch2>0</touch2>
      <rep_keyboard1>1</rep_keyboard1>
      <rep_keyboard2>0</rep_keyboard2>
      <rep_mouse1>0</rep_mouse1>
      <rep_mouse2>0</rep_mouse2>
      <rep_joypad1>0</rep_joypad1>
      <rep_joypad2>0</rep_joypad2>
      <rep_touch1>0</rep_touch1>
      <rep_touch2>0</rep_touch2>
    </key11>
    <key12>
      <name>強制スキップ</name>
      <keyboard1>17</keyboard1>
      <keyboard2>0</keyboard2>
      <mouse1>0</mouse1>
      <mouse2>0</mouse2>
      <joypad1>0</joypad1>
      <joypad2>0</joypad2>
      <touch1>0</touch1>
      <touch2>0</touch2>
      <rep_keyboard1>0</rep_keyboard1>
      <rep_keyboard2>0</rep_keyboard2>
      <rep_mouse1>0</rep_mouse1>
      <rep_mouse2>0</rep_mouse2>
      <rep_joypad1>0</rep_joypad1>
      <rep_joypad2>0</rep_joypad2>
      <rep_touch1>0</rep_touch1>
      <rep_touch2>0</rep_touch2>
    </key12>
    <key13>
      <name>既読スキップ</name>
      <keyboard1>0</keyboard1>
      <keyboard2>0</keyboard2>
      <mouse1>0</mouse1>
      <mouse2>0</mouse2>
      <joypad1>0</joypad1>
      <joypad2>0</joypad2>
      <touch1>0</touch1>
      <touch2>0</touch2>
      <rep_keyboard1>0</rep_keyboard1>
      <rep_keyboard2>0</rep_keyboard2>
      <rep_mouse1>0</rep_mouse1>
      <rep_mouse2>0</rep_mouse2>
      <rep_joypad1>0</rep_joypad1>
      <rep_joypad2>0</rep_joypad2>
      <rep_touch1>0</rep_touch1>
      <rep_touch2>0</rep_touch2>
    </key13>
    <key14>
      <name>オートモード</name>
      <keyboard1>0</keyboard1>
      <keyboard2>0</keyboard2>
      <mouse1>0</mouse1>
      <mouse2>0</mouse2>
      <joypad1>0</joypad1>
      <joypad2>0</joypad2>
      <touch1>0</touch1>
      <touch2>0</touch2>
      <rep_keyboard1>0</rep_keyboard1>
      <rep_keyboard2>0</rep_keyboard2>
      <rep_mouse1>0</rep_mouse1>
      <rep_mouse2>0</rep_mouse2>
      <rep_joypad1>0</rep_joypad1>
      <rep_joypad2>0</rep_joypad2>
      <rep_touch1>0</rep_touch1>
      <rep_touch2>0</rep_touch2>
    </key14>
    <key15>
      <name>履歴ウィンドウ</name>
      <keyboard1>33</keyboard1>
      <keyboard2>34</keyboard2>
      <mouse1>6</mouse1>
      <mouse2>0</mouse2>
      <joypad1>0</joypad1>
      <joypad2>0</joypad2>
      <touch1>0</touch1>
      <touch2>0</touch2>
      <rep_keyboard1>0</rep_keyboard1>
      <rep_keyboard2>0</rep_keyboard2>
      <rep_mouse1>0</rep_mouse1>
      <rep_mouse2>0</rep_mouse2>
      <rep_joypad1>0</rep_joypad1>
      <rep_joypad2>0</rep_joypad2>
      <rep_touch1>0</rep_touch1>
      <rep_touch2>0</rep_touch2>
    </key15>
    <key16>
      <name>次の選択肢までスキップ</name>
      <keyboard1>0</keyboard1>
      <keyboard2>0</keyboard2>
      <mouse1>0</mouse1>
      <mouse2>0</mouse2>
      <joypad1>0</joypad1>
      <joypad2>0</joypad2>
      <touch1>0</touch1>
      <touch2>0</touch2>
      <rep_keyboard1>0</rep_keyboard1>
      <rep_keyboard2>0</rep_keyboard2>
      <rep_mouse1>0</rep_mouse1>
      <rep_mouse2>0</rep_mouse2>
      <rep_joypad1>0</rep_joypad1>
      <rep_joypad2>0</rep_joypad2>
      <rep_touch1>0</rep_touch1>
      <rep_touch2>0</rep_touch2>
    </key16>
    <key17>
      <name>前の選択肢に戻る</name>
      <keyboard1>0</keyboard1>
      <keyboard2>0</keyboard2>
      <mouse1>0</mouse1>
      <mouse2>0</mouse2>
      <joypad1>0</joypad1>
      <joypad2>0</joypad2>
      <touch1>0</touch1>
      <touch2>0</touch2>
      <rep_keyboard1>0</rep_keyboard1>
      <rep_keyboard2>0</rep_keyboard2>
      <rep_mouse1>0</rep_mouse1>
      <rep_mouse2>0</rep_mouse2>
      <rep_joypad1>0</rep_joypad1>
      <rep_joypad2>0</rep_joypad2>
      <rep_touch1>0</rep_touch1>
      <rep_touch2>0</rep_touch2>
    </key17>
    <key18>
      <name>音声再生</name>
      <keyboard1>0</keyboard1>
      <keyboard2>0</keyboard2>
      <mouse1>0</mouse1>
      <mouse2>0</mouse2>
      <joypad1>0</joypad1>
      <joypad2>0</joypad2>
      <touch1>0</touch1>
      <touch2>0</touch2>
      <rep_keyboard1>0</rep_keyboard1>
      <rep_keyboard2>0</rep_keyboard2>
      <rep_mouse1>0</rep_mouse1>
      <rep_mouse2>0</rep_mouse2>
      <rep_joypad1>0</rep_joypad1>
      <rep_joypad2>0</rep_joypad2>
      <rep_touch1>0</rep_touch1>
      <rep_touch2>0</rep_touch2>
    </key18>
    <key19>
      <name>セーブ画面</name>
      <keyboard1>117</keyboard1>
      <keyboard2>0</keyboard2>
      <mouse1>0</mouse1>
      <mouse2>0</mouse2>
      <joypad1>0</joypad1>
      <joypad2>0</joypad2>
      <touch1>0</touch1>
      <touch2>0</touch2>
      <rep_keyboard1>0</rep_keyboard1>
      <rep_keyboard2>0</rep_keyboard2>
      <rep_mouse1>0</rep_mouse1>
      <rep_mouse2>0</rep_mouse2>
      <rep_joypad1>0</rep_joypad1>
      <rep_joypad2>0</rep_joypad2>
      <rep_touch1>0</rep_touch1>
      <rep_touch2>0</rep_touch2>
    </key19>
    <key20>
      <name>ロード画面</name>
      <keyboard1>118</keyboard1>
      <keyboard2>0</keyboard2>
      <mouse1>0</mouse1>
      <mouse2>0</mouse2>
      <joypad1>0</joypad1>
      <joypad2>0</joypad2>
      <touch1>0</touch1>
      <touch2>0</touch2>
      <rep_keyboard1>0</rep_keyboard1>
      <rep_keyboard2>0</rep_keyboard2>
      <rep_mouse1>0</rep_mouse1>
      <rep_mouse2>0</rep_mouse2>
      <rep_joypad1>0</rep_joypad1>
      <rep_joypad2>0</rep_joypad2>
      <rep_touch1>0</rep_touch1>
      <rep_touch2>0</rep_touch2>
    </key20>
    <key21>
      <name>クイックセーブ</name>
      <keyboard1>112</keyboard1>
      <keyboard2>0</keyboard2>
      <mouse1>0</mouse1>
      <mouse2>0</mouse2>
      <joypad1>0</joypad1>
      <joypad2>0</joypad2>
      <touch1>0</touch1>
      <touch2>0</touch2>
      <rep_keyboard1>0</rep_keyboard1>
      <rep_keyboard2>0</rep_keyboard2>
      <rep_mouse1>0</rep_mouse1>
      <rep_mouse2>0</rep_mouse2>
      <rep_joypad1>0</rep_joypad1>
      <rep_joypad2>0</rep_joypad2>
      <rep_touch1>0</rep_touch1>
      <rep_touch2>0</rep_touch2>
    </key21>
    <key22>
      <name>クイックロード</name>
      <keyboard1>113</keyboard1>
      <keyboard2>0</keyboard2>
      <mouse1>0</mouse1>
      <mouse2>0</mouse2>
      <joypad1>0</joypad1>
      <joypad2>0</joypad2>
      <touch1>0</touch1>
      <touch2>0</touch2>
      <rep_keyboard1>0</rep_keyboard1>
      <rep_keyboard2>0</rep_keyboard2>
      <rep_mouse1>0</rep_mouse1>
      <rep_mouse2>0</rep_mouse2>
      <rep_joypad1>0</rep_joypad1>
      <rep_joypad2>0</rep_joypad2>
      <rep_touch1>0</rep_touch1>
      <rep_touch2>0</rep_touch2>
    </key22>
    <key23>
      <name>環境設定</name>
      <keyboard1>0</keyboard1>
      <keyboard2>0</keyboard2>
      <mouse1>0</mouse1>
      <mouse2>0</mouse2>
      <joypad1>0</joypad1>
      <joypad2>0</joypad2>
      <touch1>0</touch1>
      <touch2>0</touch2>
      <rep_keyboard1>0</rep_keyboard1>
      <rep_keyboard2>0</rep_keyboard2>
      <rep_mouse1>0</rep_mouse1>
      <rep_mouse2>0</rep_mouse2>
      <rep_joypad1>0</rep_joypad1>
      <rep_joypad2>0</rep_joypad2>
      <rep_touch1>0</rep_touch1>
      <rep_touch2>0</rep_touch2>
    </key23>

    <key24>
      <name>オートスピードアップ</name>
      <keyboard1>0</keyboard1>
      <keyboard2>0</keyboard2>
      <mouse1>0</mouse1>
      <mouse2>0</mouse2>
      <joypad1>0</joypad1>
      <joypad2>0</joypad2>
      <touch1>0</touch1>
      <touch2>0</touch2>
      <rep_keyboard1>0</rep_keyboard1>
      <rep_keyboard2>0</rep_keyboard2>
      <rep_mouse1>0</rep_mouse1>
      <rep_mouse2>0</rep_mouse2>
      <rep_joypad1>0</rep_joypad1>
      <rep_joypad2>0</rep_joypad2>
      <rep_touch1>0</rep_touch1>
      <rep_touch2>0</rep_touch2>
    </key24>
    <key25>
      <name>オートスピードダウン</name>
      <keyboard1>0</keyboard1>
      <keyboard2>0</keyboard2>
      <mouse1>0</mouse1>
      <mouse2>0</mouse2>
      <joypad1>0</joypad1>
      <joypad2>0</joypad2>
      <touch1>0</touch1>
      <touch2>0</touch2>
      <rep_keyboard1>0</rep_keyboard1>
      <rep_keyboard2>0</rep_keyboard2>
      <rep_mouse1>0</rep_mouse1>
      <rep_mouse2>0</rep_mouse2>
      <rep_joypad1>0</rep_joypad1>
      <rep_joypad2>0</rep_joypad2>
      <rep_touch1>0</rep_touch1>
      <rep_touch2>0</rep_touch2>
    </key25>
    <key26>
      <name>スクリーンモード変更</name>
      <keyboard1>0</keyboard1>
      <keyboard2>0</keyboard2>
      <mouse1>0</mouse1>
      <mouse2>0</mouse2>
      <joypad1>0</joypad1>
      <joypad2>0</joypad2>
      <touch1>0</touch1>
      <touch2>0</touch2>
      <rep_keyboard1>0</rep_keyboard1>
      <rep_keyboard2>0</rep_keyboard2>
      <rep_mouse1>0</rep_mouse1>
      <rep_mouse2>0</rep_mouse2>
      <rep_joypad1>0</rep_joypad1>
      <rep_joypad2>0</rep_joypad2>
      <rep_touch1>0</rep_touch1>
      <rep_touch2>0</rep_touch2>
    </key26>
    <key27>
      <name>ウィンドウ最小化</name>
      <keyboard1>0</keyboard1>
      <keyboard2>0</keyboard2>
      <mouse1>0</mouse1>
      <mouse2>0</mouse2>
      <joypad1>0</joypad1>
      <joypad2>0</joypad2>
      <touch1>0</touch1>
      <touch2>0</touch2>
      <rep_keyboard1>0</rep_keyboard1>
      <rep_keyboard2>0</rep_keyboard2>
      <rep_mouse1>0</rep_mouse1>
      <rep_mouse2>0</rep_mouse2>
      <rep_joypad1>0</rep_joypad1>
      <rep_joypad2>0</rep_joypad2>
      <rep_touch1>0</rep_touch1>
      <rep_touch2>0</rep_touch2>
    </key27>
    <key28>
      <name>ゲーム終了</name>
      <keyboard1>0</keyboard1>
      <keyboard2>0</keyboard2>
      <mouse1>0</mouse1>
      <mouse2>0</mouse2>
      <joypad1>0</joypad1>
      <joypad2>0</joypad2>
      <touch1>0</touch1>
      <touch2>0</touch2>
      <rep_keyboard1>0</rep_keyboard1>
      <rep_keyboard2>0</rep_keyboard2>
      <rep_mouse1>0</rep_mouse1>
      <rep_mouse2>0</rep_mouse2>
      <rep_joypad1>0</rep_joypad1>
      <rep_joypad2>0</rep_joypad2>
      <rep_touch1>0</rep_touch1>
      <rep_touch2>0</rep_touch2>
    </key28>
  </KEYCUSTOMIZE>
</document>
