{
  "injector": {
    "enable": true,
    "print_loaded_modules": false
  },
  "allocate_console": false,
  "tunnel_decoder": {
    "enable": false,
    "mapping": ""
  },
  "character_substitution": {
    "enable": true,
    "source_characters": "們場戰開―終麼覚飯銜堯貼話義這徹樣錯髪組擺両満応該門優夥給備結時対鼈悩雖鬧現極為課囲陽樹確認馬説嚇瑤強槇鶫緒種風動讓晩顧進題継続選擇遙過権鶺師興奮凜鵐哢鼕醤問鎬皷龜実幇挙級驚騒熾熱鶯愛剛陣悪狢瘋変別諒還見語鐔處響紛視線邊蕩鰮嗚駲麭態難鈎罷絶鷏臉輸東煩離譜貞僅連黌誤絲復雑顕漲紅経歴鯆嘆誰輩鉤遅頻関親鶇鰆類帥電貝謂漢換齧毎記識曖執詞論討饒靉試鷽総閉頓訓費黴頂鹽緊員詭異軽転間瀬請遺鯔簡長麌鼡暫鰡書釈擾鵤縁領帯頭鶲鰰蘇齒鐘潤鵺順勝鈴謝導傷靱検査較園負積項監採鰤勁鵞畢呑堅齣訴鉋齡邁歩鞁隠勢飄朶車歓輌亜魯紐講圓騰調脳葷斉許撃単鷆訝飛鮠伝喪値窪達罰厳粛観儀鼇裃則細膩額渋鰊閑険靜癆釟鹹羅殺倣処轟髞賛賞欽慮圖逓蘰餓錢憶點媽習慣霊髮楽納聯闖遠質帰厭爾襲贖倶懐鰛齢撫養漸顏獄凍釘尋揀駕駛躱護欄蘂劇運塊懃蘿喚騙駁臓慶櫓責辯悶麥撲証飢獸聖麁縫偸鄰餽顫嘗飾渾錚霑汚偉驕並協焼奪維潰篭罵鋺倆張鳥鳴環圧簾閃鞨撹駭鬨龍陰緩霧労溝紀編織須約際窺読業純測験規節揺藍蝨飽喬虧穏閙獲贏敗適麩餒狽驗覩鉄畳鎖滲暢蕋偽襍専顔喩拡濃冊謹髣憫傾贋補評斬貨衆売績鍵輳鵙鮨鮗賽賭練敵縮戯顳賓谺藝釁匯憊糾碼淨諍暈鶏筴烱嘖噴宮讌嬌嘩喞貫廏設綿駆渇槍祕鑢産纏鍠漬皺亀躍擠遜壷鶸貪憂掃贐檸繼鮮繃竜湊頑濁層預輪緤釿銛巓膰臨剰癩闢襾醸絎塗団軟鍄攅聞傘鴒繞奨夾誘痺豐顆鈕寵弾鷁鏈鍛煉衵劃頬鰕牽囂澤膚廃懶翹苙趨銭職櫃営階濾紙議礎鵁鴾繊訣竅舗驛紳鑚窩務庁閥盤鍋頼靦輔綴湯痩筆鈍鳰減錘闍鮓贈轢顯桜買報計詳揮饐頁靭寛憤資墜側掲暁禍華轎剣衛鑰脇髱僥鞆吶鰺覧隣瞼黨術貎岡髴標諷擲筬飲鰾鱚膠筥嘔陸島嶼違談觸鉛囈戸竪蝦斃竄擁軣鳧懸潔鍜塵鴿綽襯聲萓慚薬叢勧渉賺詢録嚢謀豈剤溌鉱簽膵偵麗統邏輯貶搶毀鏡郷綫犲貭蓚牆銘絋済袙苺蹌歳侶絵載滅厠縛購諠譌貴驃馼諳貧鎮渮痙攣撥艱懇蹠脹詐摯廂鋭鑪爺鰌訊驫聡臘腸荅懲鯰爍鞜餔諺闊鱇診羈絆鮴燦爛塩艶謎銀諸寧撓創瞞聳朧償釖滾濺塁薐鰈鴃磽搾療歛蛯嚶貮誕廟攤蔘糘殻鱆駮摂倫檳栲豬燉鞐瀕綜鬘誠誣篤縅魚齊訪唄餅煙褻靫擬颯雜釐醫啓歯籃揚竃悧審虜針軸瑣隊栄蓮競擱刪諱郵綻庫妬昿犠嶄馳緋訂粧傭閧腎飆髢誇厖紹阯鰄釀襷鯊絞陳頸驟轍構洶觧災懾舮顛縦軌鐇鄭唖餘臍館嬰蒼銹蟷販嘯財婦倹藹赱獎謬鱧隨濫鱶鰉棟鋼輝蝕輛瑩鞴穢頚鯣颪籌腫諡擣撈嚀飃誼絡漿隴鷄緕蕚銷焔迚鯲鳫鏥閲攬幣儲嫻凱譴薩錦鯉鰻瑪竡猟鯨盪鉐臥芻騎絨鈿鮖跿訳貢誡諾遷嶺靂餃荵縷體鐙闘鐺蹣靄鵈損銅薔匱劉繽緞瀾襪賠襠濶餤纜淪灘鑒渦帳謐鬪呂皰鋸跼蟇珎鎧紋綢墾貍蔭蘭參緑漣豼掻籬憚瀉鐚阨逹齋梛鰒鎹譖鏗鏘烏瀟誦鮹獅荳浹穩惻頤袮鬚錨扱蘆鴉縄篩繚椦謔霤謙賀竍幟鳳賜鰐蝋蠱鈞躪輙讖羇钁鉗鋒滌茖躙錺袗賻茲閇謡顎澆倉濘軍貿鑿餡誂黐覬覦窮賦萬繹麕鵄氈鍼慟詛譟瘡慫慂蘊艨鮟兌蕪紗鈔遼頌綉鈩齷齪崙嫋獺荊梱騁儂澀噛簒鴨辮鶤紕竚鏝蠧讒嗇乕筍甎證閖蠏僂",
    "target_characters": "们场战开—终么觉饭衔啊贴话义这彻样错发组摆两满应该门优伙给备结时对桌恼虽闹现极为课围阳树确认马说吓她强吧喂绪种风动让晚顾进题继续选择呢过权嗯师兴奋你吵咔啦酱问搞懂吗实帮举级惊骚炽热哎爱刚阵恶诶疯变别谅还见语呃窸响纷视线边荡喔呜咧碰态难钩罢绝丢脸输东烦离谱贞仅连妮误丝复杂显涨红经历趴叹谁辈够迟频关亲嘻啥类帅电贝谓汉换哪每记识暧执词论讨饶呸试哼总闭顿训费霉顶拖紧员诡异轻转间濑请遗咦简长挡您暂咕书释扰唉缘领带头摔糕苏份钟润盯顺胜铃谢导伤疤检查较园负积项监踩哟劲撑毕吞坚沉诉跑办迈步舔隐势飘朵车欢辆亚鲁扭讲圆腾调脑荤齐许击单瞪讶飞啪传丧值挖达罚严肃观仪厉卡则细腻额涩趟闲险噗唠扒嘿罗杀仿处轰膛赞赏钦虑图递喏饿瞟忆爸妈习惯灵咚乐纳联闯远质归厌尔袭赎俱怀耍龄抚养渐噩狱冻钉寻捡驾驶躲护栏瞌剧运块嘞萝唤骗驳脏庆噜责辩闷丫扑证饥兽圣躺缝偷另捂颤尝饰浑挣玷污伟骄拼协烧夺维溃笼骂蹭俩张鸟鸣环压帘闪嘎搅骇吱咙阴缓雾劳沟纪编织须约际窥读业纯测验规节摇蓝哒饱瞧亏稳喽获赢败适傻馁狈嘟囔铁叠锁渗畅咿伪嘀专颜喻扩浓呣谨筷悯倾赝补评斩货众卖绩键揍扔垃圾赛赌练敌缩戏噢宾晾艺衅汇惫纠码净睁晕鸡呲啵啧喷宫嚓娇哗唧贯嘬设绵驱渴枪哔叽产缠嗳渍皱龟跃挤逊壶扯贪忧扫妩拧娆鲜绷龙凑顽浊层预轮咣嗒哧巅咂临嗞癞呛撅哚嗲涂团软喳攒闻伞脖绕奖夹诱痹丰颗纽宠弹裤链锻炼咻划颊塌牵嚣泽肤废懒翘噔趋钱职柜营阶滤纸议础咖啡纤诀窍铺烘绅钻窝务厅阀盘锅赖腼辅缀汤瘦笔钝砸减锤拽眯赠啰嗦樱买报计详挥瞄页韧宽愤资坠侧揭晓祸华轿剑卫钥胁烫侥瘫呐账览邻睑奶术喵冈稣标讽掷嘁饮尴尬胶嗝呕陆岛屿违谈叼铅呓户竖虾毙窜拥嗨谎悬洁钮尘鸽绰衬忪擞惭药丛劝涉赚询录囊谋岂剂泼矿签蟑侦丽统逻辑贬抢毁镜乡饪胺嗖盹墙铭逛济帕呦跄岁侣绘载灭厕缚购忐忑贵镖眶谙贫镇吖痉挛拨艰恳搐胀眨挚厢锐踹爷嗓讯垫聪腊肠唰惩俏烁橱阱谚阔甩诊羁绊挪灿烂盐艳谜银诸宁挠创瞒耸胧偿偎滚溅垒棱砰愣跷榨疗敛嗬嘤咝诞庙摊嘭噙壳绑揪摄伦槟烤弈炖掐濒综孽诚诬笃耷鱼咱访呗饼焗亵茬拟飒唬疙瘩启齿篮扬灶窣审虏针轴琐队荣莲竞搁删讳邮绽库妒旷牺崭驰绯订妆佣憋肾飙嗡垮庞绍屉棵酿垦鲨绞陈嚎骤辙构汹撬灾慑涮颠纵轨糙郑哑拎脐馆婴苍锈柠贩啸财妇俭蔼靶嘈谬煞跺滥嚷媳栋钢辉蚀跤莹瘾秽颈胳觑筹肿涣捣捞咛蹦谊络浆拢踢潢阂销焰睽咪玫抿阅拦币储娴凯谴萨锦鲤鳗玛遛猎鲸烊刁卧刍骑绒踮凳瘪译贡诫诺迁岭雳饺舀缕啤蹬陡铛蹒霭盼损铜蔷匮刘缤缎澜袜赔裆肮摹缆沦滩漩涡帐谧桩吕哐锯攥囱撸铠纹绸啃洼荫兰掺绿涟漪搔篱惮泻唷铲捅噘嚯磕铐懵铿锵乌潇诵撇狮蹿浃悱恻颐蘸碟锚搪坍鸦绳筛缭屌谑揽谦贺馊帜凤赐鳄蜡蛊钧躏拴谶挲氧钳锋涤噼嚅簌熠汩兹讪谣颚浇仓泞军贸凿馅掰爹觊觎穷赋腌绎乔歧毡萦恸诅缜疮怂恿蕴噶氨兑芜纱钞辽颂绣哆龌龊哞袅獭荆捆骋哝嘣啮篡鸭辫砍纰痨碳瘸搀啬啕罄砖惬飕犷搂"
  },
  "locale_emulator": {
    "enable": true,
    "codepage": 932,
    "locale": 1041,
    "charset": 128,
    "timezone": "Tokyo Standard Time",
    "wait_for_exit": false
  },
  "font_manager": {
    "enable": true,
    "resource_files": [
      "WenQuanYi.ttf"
    ],
    "spoof_enumeration": {
      "enable": false,
      "filter_pitch_and_family": 0,
      "filter_charset": 1,
      "spoof_charset": 128
    },
    "spoof_creation": {
      "enable": true,
      "override_face": "WenQuanYi Micro Hei",
      "override_charset": 134
    }
  }
}