{
  "injector": {
    "enable": true,
    "print_loaded_modules": false
  },
  "allocate_console": false,
  "tunnel_decoder": {
    "enable": false,
    "mapping": ""
  },
  "character_substitution": {
    "enable": true,
    "source_characters": "雑絵袙麼樣遙鹹対説歓這堯遅級過還鉤連動導変剛訴凜頭讓瑤幇強処煩悩為獲穏們総進衵嗚貎現華縫適邊槇夥髪話題鶺―鮠櫓応該習慣時龜鼕暈満熱髱噴撲鐔細顫極緊東鈩顯脳濺間陣鰡揺視線漸鶯苺団開覚軽亀撃試簡鄰齣貪纏別饒飛勢種節帯鑚髮膩徹窪調齧単風喞鞨達鵞頂毎経閉結塊軟牆皺倣鼇繃喬緩懃給齡認偸烱実伝鷁縮雖錯訓練靜専鞁継続許興奮嚇爾値圧聞関難拡渇鵺荅霊豐長鰆楽確嘖鹽順鎬選擇問門謡擾鰤蕩愛聡諍電壷狢齢記憶見財産哢讌質響駲釿鷆鰈臉頬夾龍暫園訪議読鉋竪優療評膚碼聯復遺須畢麭暢傾臍痙攣鰰蕋鱆麌朶顕劇陰閑貼撓紐懲罰鏡鈴語撫厭馬弾責腫脹両軣転劃類誰備鴃絲請薬態採襪汚漬潤搾濃悪筴預糾尋擺顧絶領縁滲裃鐇紅詞閃劉撥贐識誘謝鼡奨積竄張務呑換臓麁戯繊渋饐詐鶫鵤鍵純売書厠約紹詢際緒寧囲較湊鵐鬧偵隠啓蘰場筆養銷寛論録虧組査懶燦陽鷽環擣補熾額鼈鯆銛騰襲諡減灘飄鞴繞僅権並堅烏終嘗溝吶蹠詳鯔飯職業厳襠處悧賞階塗飾嘆罵師驚訝鶏釐醫襍銭摂婦検淨課蘂嬌負晩簽喪潔側擠鞆濁誇駱駝唖攅貫筥蝨離鴒剤則輸鰕験滾釟懇漿苙瘋険護鶸鮟鱧繚撹驗鷏癆皷竡爺黨買紙戰釈鋭懐鑢寵潰懸襾翹宮擁納親顳鳴歩誠鈕顔証謂鷹紀聖渾奪廃鎖衛費橋鬨遠鮓裝鳰軸織鈎鶤傷皰繼爍逓襯齦報頚餽嘩囈膸絆鶲計鐘髢観衆設諒違閧員焔異鮴顆麩勁償挙憊齒欄編肬鳧義媽綜藝資訊絞燉贏蝕勝貍遜標嚢術鳥敵艶慮娯憂謙訣鋺漲躍詛腸鍛煉貨悶騎旡鶉煥揀規運鯣縦穢縛頓郵圓圖掃歴獄維钁賦轢闢隴釖焼荵討輪鏘冊輔鍜",
    "target_characters": "杂绘帕么样呢嘿对说欢这啊迟级过还够连动导变刚诉你头让她帮强处烦恼为获稳们总进咻呜喵现华缝适边吧伙发话题嗯—啪噜应该习惯时吗啦晕满热烫喷扑呃细颤极紧东哆嗦脑溅间阵咕摇视线渐哎呦团开觉轻龟击试简另沉贪缠别饶飞势种节带钻咚腻彻挖调哪单风唧嘎达撑顶每经闭结块软墙皱仿厉绷瞧缓嘞给办认偷啵实传裤缩虽错训练噗专舔继续许兴奋吓尔值压闻关难扩渴盯唰灵丰长啥乐确啧拖顺搞选择问门谣扰哟荡爱聪睁电壶诶龄记忆见财产咔嚓质响咧嗒瞪砰脸颊夹咙暂园访议读跑竖优疗评肤码联复遗须毕碰畅倾脐痉挛糕咿绑挡朵显剧阴闲贴挠扭惩罚镜铃语抚厌马弹责肿胀两嗨转划类谁备愣丝请药态踩袜污渍润榨浓恶呲预纠寻摆顾绝领缘渗卡糙红词闪刘拨妩识诱谢您奖积窜张务吞换脏躺戏纤涩瞄眨喂唉键纯卖书厕约绍询际绪宁围较凑吵闹侦隐启喏场笔养销宽论录亏组查懒灿阳哼环捣补炽额桌趴哧腾袭涣减滩飘瘾绕仅权拼坚乌终尝沟呐搐详咦饭职业严裆窸窣赏阶涂饰叹骂师惊讶鸡疙瘩嘀钱摄妇检净课瞌娇负晚签丧洁侧挤瘫浊垮骆驼哑攒贯嗝哒离脖剂则输塌验滚扒恳浆噔疯险护扯氨煞缭搅嘟丢唠懂遛爷奶买纸战释锐怀叽宠溃悬撅翘宫拥纳亲噢鸣步诚纽颜证谓鹰纪圣浑夺废锁卫费桥吱远眯媲砸轴织钩砍伤哐娆烁递衬龈报颈捂哗呓嗑绊摔计钟嗡观众设谅违憋员焰异挪颗傻劲偿举惫份栏编蹩谎义妈综艺资讯绞炖赢蚀胜洼逊标囊术鸟敌艳虑娱忧谦诀蹭涨跃诅肠锻炼货闷骑鹌鹑焕捡规运胳纵秽缚顿邮圆图扫历狱维氧赋啰呛拢偎烧舀讨轮锵呣辅钮"
  },
  "locale_emulator": {
    "enable": true,
    "codepage": 932,
    "locale": 1041,
    "charset": 128,
    "timezone": "Tokyo Standard Time",
    "wait_for_exit": false
  },
  "font_manager": {
    "enable": true,
    "resource_files": [
      "simhei.ttf"
    ],
    "spoof_enumeration": {
      "enable": false,
      "filter_pitch_and_family": 0,
      "filter_charset": 1,
      "spoof_charset": 128
    },
    "spoof_creation": {
      "enable": true,
      "override_face": "黑体",
      "override_charset": 134
    }
  }
}