{
  "injector": {
    "enable": true,
    "print_loaded_modules": false
  },
  "allocate_console": false,
  "tunnel_decoder": {
    "enable": false,
    "mapping": ""
  },
  "character_substitution": {
    "enable": true,
    "source_characters": "愛誰間産遙―誕両実現煩悩堯認為這龜説換種結還樣総覚雑過僅髪対資匯達鶺麼鼕藍謝凜歓瑤雖討厭鷽緊張緩槇鶯関諒話爾訴許伝応該給臉帯絲頭陣戰縮軽鞁時麭進歯興奮潤軟終鶫絶頬讓悪養錯試駆飛齡動顕細陽華髮難紳強傾経楽們談論識講証電視節轢顯藝術謂設計銅銀値皷東見撲揺郵朶紅奨開麩記黨標挙員師擺剛鈩軣鰤暫圖書負責類邊単純復撫鉤堅汚誠長鳧誘風確変線囲呑継続鵺鎖懐義納悶職撃臨霊異閉濃歴鯔適専漸別廟場侶妬縁問題運維護歩晩圧狢鳥賠親纏繞縫毎鋺極齣飄畳環塊鉐幇遠齧勁評驚訝調査遺摂塢偸鵤馬戯鹹検備順鐘輪転獲賛離劇紛請劃団練階際協謎飯鎬車簡熱隊夥脳鼇処優紹導桜衆輔執吶渋須選擇輸隠約態傷瞞醤鰆鍛煉買積課門徹鷏顔慮項嬌餌敗鰾鱚餔喚貝亜鰰溌齒録掲習測験獄燦爛雛紀齢渇鶇鍵詞満議慶紐繃倉鉋違連園級紗絵閑盤淨歳湊鬧尋預厳売聯減規戸県簾鎮嘆駅鐔訊業懃絡奪鄰嗚厠漢擣帥罷鰊庁鵁鴾館較簽墾則勝鋭領鈴鐺統補餅営鮮鵐魚麗鼈倣舗緒漲聞隣懶険貫遅鈞牽語務額焼顧婦餽濶臓潔撥劉飽媽貼勢閨鵞鶲穏撓鋼鉄駁罵潰陰顫嚇雜懲罰宮蘇権紙猟閃爍髞贐鴒痺敵綻揀鑰謡騒擾啓観誤觸偉頑創嘖喞鰡鴃錢栲訓郷點鶏鞆膚弾憶厖聖鞐鷁緑譴窺鼡報鱆縄茣騙詛贏羅針飾崗邁釈煥擁頼貴蕩謙虧竪煙豐逓倆釿響購斉鰛唄邏輯畢陳銷訪詐麌並靜譜鈍喪聡驗飲蘰済織獸構魯膠碼貨殺組賭賽鮨鮗筆蝦貎衵軍鹵審質鮭礎籃頻賊闊詭圓樹叢餓颪績釁・頁賞鞏覩哢蝨貪齦暈薬憂閲襲蓚誼墜読繊凍庫竰滅塗載寵帰銹軌廃鳴袙喩牆貍溝費憊儀寧娯絋夾躍擲鷄鰺麁篭掃駐蛍綜賺銭鶸嘩襠穃釖諍蟷綫濾裃膩撹閙監遜鯣洶孫飃輩倫墳揮嘗谺側蘭誡錚鏈頂労貶黴鏡塩顆毀薩竜蘿湯麥鳰剣苺襯曖賜櫓幣詳慣阯粛瑣禿貧窮鍋綴瑩烏萬餒衛腫翹冊蝕訂諸巣躱轉逧躰漁糾諷騎鵑櫃爺饐脇鍼僂塋脹兌亀剤鯲鮠鱇蘚烱滲頚噴損諠譌貢寛拡燉償諾龍騰艶嫻釣皺鰈撈籘滾塁誇鑚窩瘋簒詢編鰻鏘驃扱陸偵鱧滌茆瀕輳倶農腎偽凱堺貞搶聳鴉誦鐇橋覧瑪診紋銛鱗鵙驫腸禦拠鍬麕頓鈕輝層霧朧襪櫟蠍蘊暢嚢塵鈿擬億豈焔靭縷謀鯰採蝸傘輛暁鬢儲囂驛詩擠鉱钁蒼鑽謐飼輌繹粧蝿贈鯉斬諧蛻絞競澆漿綿絢懸竃巓鵈鋒柵欄鯢鹽謹饋懇苙矯鏝餡壇絨鞨鬨鶤攤襍喬財締羈絆軸熾浹窪瀏刪駲幟穢裝賀穣闢賓靫鮓膰鞜鰹顳鯆誌覊澤揚蔭縣隕淪鐚鉛廬閇鵝鍜氈欽駕駛肭漬膓齊嶢縛鴨髱禪憤尢葹栄綱萓渾茖濺髣鵄渦賦繖贖鱈駝駱搾瀉珎銘蹠荵鑢欖鞴涜竄攅唖槍蕋籌縦狽鮑貮勧療擱饅闍攬諱鴿鬚鯵鯤飩撻臥蝋燭婁參驢災臍荅貭",
    "target_characters": "爱谁间产呢—诞两实现烦恼啊认为这吗说换种结还样总觉杂过仅发对资汇达嗯么啦蓝谢你欢她虽讨厌哼紧张缓吧哎关谅话尔诉许传应该给脸带丝头阵战缩轻舔时碰进齿兴奋润软终喂绝颊让恶养错试驱飞办动显细阳华咚难绅强倾经乐们谈论识讲证电视节啰嗦艺术谓设计铜银值懂东见扑摇邮朵红奖开傻记奶标举员师摆刚哆嗨哟暂图书负责类边单纯复抚够坚污诚长谎诱风确变线围吞继续盯锁怀义纳闷职击临灵异闭浓历咦适专渐别庙场侣妒缘问题运维护步晚压诶鸟赔亲缠绕缝每蹭极沉飘叠环块刁帮远哪劲评惊讶调查遗摄坞偷唉马戏嘿检备顺钟轮转获赞离剧纷请划团练阶际协谜饭搞车简热队伙脑厉处优绍导樱众辅执呐涩须选择输隐约态伤瞒酱啥锻炼买积课门彻丢颜虑项娇饵败尴尬阱唤贝亚糕泼份录揭习测验狱灿烂雏纪龄渴嘻键词满议庆扭绷仓跑违连园级纱绘闲盘净岁凑闹寻预严卖联减规户县帘镇叹驿呃讯业嘞络夺另呜厕汉捣帅罢趟厅咖啡馆较签啃则胜锐领铃铛统补饼营鲜吵鱼丽桌仿铺绪涨闻邻懒险贯迟钧牵语务额烧顾妇捂肮脏洁拨刘饱妈贴势闺撑摔稳挠钢铁驳骂溃阴颤吓唬惩罚宫苏权纸猎闪烁膛妩脖痹敌绽捡钥谣骚扰启观误叼伟顽创啧唧咕愣瞟烤训乡爸鸡瘫肤弹忆庞圣掐裤绿谴窥您报绑绳獠骗诅赢罗针饰岗迈释焕拥赖贵荡谦亏竖焗丰递俩嗒响购齐耍呗逻辑毕陈销访眨挡拼噗谱钝丧聪嘟饮喏济织兽构鲁胶码货杀组赌赛垃圾笔虾喵咻军卤审质鲑础篮频贼阔诡圆树丛饿觑绩衅·页赏巩囔咔哒贪龈晕药忧阅袭盹谊坠读纤冻库喱灭涂载宠归锈轨废鸣帕喻墙洼沟费惫仪宁娱逛夹跃掷踢账躺笼扫驻萤综赚钱扯哗裆衩偎睁柠饪滤卡腻搅喽监逊胳汹孙蹦辈伦坟挥尝晾侧兰诫挣链顶劳贬霉镜盐颗毁萨龙萝汤丫砸剑呦衬暧赐噜币详惯屉肃琐秃贫穷锅缀莹乌腌馁卫肿翘呣蚀订诸巢躲乒乓坝渔纠讽骑鹃柜爷瞄胁萦搂荧胀兑龟剂咪啪甩藓啵渗颈喷损忐忑贡宽扩炖偿诺咙腾艳娴钓皱砰捞焯滚垒垮钻窝疯篡询编鳗锵镖搪陆侦煞涤粼濒揍俱农肾伪凯钕贞抢耸鸦诵糙桥览玛诊纹哧鳞扔垫肠犰狳锹乔顿纽辉层雾胧袜焖斓蕴畅囊尘踮拟亿岂焰韧缕谋俏踩蜗伞跤晓鬓储嚣烘诗挤矿氧苍婶谧饲辆绎妆蝇赠鲤斩谐蜕绞竞浇浆绵绚悬灶巅盼锋栅栏鲵拖谨馈恳噔矫碳馅坛绒嘎吱砍摊嘀瞧财缔羁绊轴炽浃挖浏删咧帜秽媲贺铂呛宾茬眯咂橱鲣噢趴螈剁泽扬荫埂陨沦唷铅庐讪鹅钮毡钦驾驶蘑渍糗咱鲭缚鸭烫氯愤鱿鳖荣纲擞浑噼溅筷歧涡赋籽赎鳕驼骆榨泻撸铭搐舀叽榄瘾渎窜攒哑枪咿筹纵狈鲍咝劝疗搁馒拽拦讳鸽碟鲶馄饨挞卧蜡烛娄掺驴灾脐唰嗖",
    "remain": [
      "糬",
      "鲎",
      "嘚"
    ],
    "repeat": [
      "侘",
      "俵",
      "萩",
      "恵",
      "冴"
    ]
  },
  "locale_emulator": {
    "enable": true,
    "codepage": 932,
    "locale": 1041,
    "charset": 128,
    "timezone": "Tokyo Standard Time",
    "wait_for_exit": false
  },
  "font_manager": {
    "enable": true,
    "resource_files": [
      "SIMLI.TTF"
    ],
    "spoof_enumeration": {
      "enable": false,
      "filter_pitch_and_family": 0,
      "filter_charset": 1,
      "spoof_charset": 128
    },
    "spoof_creation": {
      "enable": false,
      "override_face": "LiSu",
      "override_charset": 134
    }
  }
}