{
  "injector": {
    "enable": true,
    "print_loaded_modules": false
  },
  "allocate_console": false,
  "tunnel_decoder": {
    "enable": false,
    "mapping": ""
  },
  "character_substitution": {
    "enable": true,
    "source_characters": "還瑤遙鐘針経為讓覚軽嘆鵤過説応該対槇動鉛筆頭開書頁話緊継続堯臉愛雖鷽転飄髪遅歩帯陣鑚時変這麼現樣嗚総鵺別紐凜給実興餃盤醤鮠釿點們鉋鶫記簡親間邊釖齧鏡鼈鯔―討厭龜鐔鼕認伝種東擺麩難関狢視線鶺許長鹹題頼値揚齣問語確奮歓傾豐顕飽満鵞処剛桜軟標圓順側閑観竅門較勁鯆戰厳蕩場態補徹撃顆悪偸憶響損畢習課輸錯夥輩鰤節鶯謂鋭躱強級類膩苙瘋飾瀟擠黨適復幇熱絶連鎬皷傷塩請績終試環顧哢蝨進媽臨鰆晩鬧異風簾驗覩撓釈懐義陽単純絲隠約憂桟倣嚇毎鈴談煩両聳誰齡鼇結読鷆鳥靜揮隊員執務湊蓮戯詞遠細邁則調団騰識論漸蕚慮騙飃鰛驚撲張鶲爾達脳闊輝緑鮮揺餽訝見離車換電鷺濾麗閉鱇繞牽労掃懶鴃諷頬訓導鰰鷏鋺塊楽園備鳴憊違並嘖鈎鼡詐搶鮹縁鯣鵐鳧皺鮓苺遜籌繊証髮瀝囲漬拡酎維質擱輪謝鄰膠訴資練規賽斉懃髱熾競鷁護測紀陰溌燦爛膚閃贏暈鵈慣啓縦譴噴錢齊倆閇毀罵龍鴒紅鎖圧纏運頓監鮎師貫飯圖計劃館莊虧遺餓預額奨庁鉤臓鵙籃誤貼麭襠釁権閖檸戸顔綻闖隣憚報襲奪饐麌縮暫罷蹠鬚講澆術挙劇専縫鍵竜勢審緩衛潔黴窩鬨剤甎汚頑牆繃誘滌綿逓鮨鮗渾篭採鹽詢諍樹誠優糾産藍歴宮聖蘿聯藝雑嚢釟欄僅澤穏綜鷄廃評焼呑潤喚魚紙粧頚滾険蹌蹣脹倫鍼嬌襯跼緒漲錚薩腸尢妬費贐顫帥層霧鎮體鰡鶏鞨鏥齢歳選讌買敗負責舗饋鰊羅殺濃艶紹誼竪朶堅淨積攅瀉極撫夾濁渇謹痺駁麁尋議鈞際敵臍駆朧櫓撹爍厖織鞁納貪擁畳懸潰鰺銀購薬絋飲馬焔滅悩飛邏輯爺墳駲賭銭瑣洶翹寛鍋烱頂亀髞唖聞絵撥弾滲禪褻鐇憤喞縛轢穢暢減膰裃聲處悧悶溝騒験懇酘貍痙攣銛隴諒唄羈衵腫躪鱆髢塗懲罰須擇項矼譜鱶匯鞆貴鈍獄纜鰈嘩祕筥擾絡櫃阯瞞駮鰌寧賞設霊齒帰構婦勝侶査養烏漢攤灘饒濶組揀島艱鰄嶼餘輌顏幣驫楓輳墜槍鈑庫窮職颪瀏覧壇飢獸貎狽叢佇営倶辯慶躍貞濫獲聡驕謙駕馭創釘騎塵鰾鱚斬鉄紛譏賛売貧襍華衆統領鍛煉栲賺賦鶸闍闢吶貨鑒渦賜誡懾猟蘰鑞縺癆頻業鰒喬霑閲蝕絞詳歯鄭釀譚嘗擬驟颯貶柵鴨钁礎嶄韆娯鶇慚遷喩濺銅渋觧壷珎歛粛僥瀾巓囂獎搾窪鑢窺痩凍傘棟鵯銘疂漿鞐蕋鳫蠱偉驛鈿剣偽訪闌鞜濱銷巣谺臥昿録鑰階摂橋繼郵浹荵鰕擣鞴緋刪鍜梱勧轟詭淪僂瀕鏈厠編紋靱寵謬蒼誇詛絆鋼軸載墾襤褸嘔儲閧謐陳阨禍蘇簽誕掲鐺錺鯰償軌訣済郷證襾餅髣詩亜馳鐙鏝跿儀陸県鶴軣魯貝靦紗輿鵁竰財煥劉縄鯲鮴喪錦蔕菫販摯蝦邉餡瑪蔘竄靺扱釣鈕絅検誂農綴艀罧齦碼閙諸綾剰蘭諧軍湯鑽篩燉遼袙閘茘廂絨嬰漣豼蘂餔鋒趨鳰協顯鐡犠嘯靆麥參蠏訊脇攬輛訳頌肬餬渉馼謎漁療縷袮籬貿駛殻瀬豈鴾澁倉饅",
    "target_characters": "还她呢钟针经为让觉轻叹唉过说应该对吧动铅笔头开书页话紧继续啊脸爱虽哼转飘发迟步带阵钻时变这么现样呜总盯别扭你给实兴饺盘酱啪嗒爸们跑喂记简亲间边偎哪镜桌咦—讨厌吗呃啦认传种东摆傻难关诶视线嗯许长嘿题赖值扬沉问语确奋欢倾丰显饱满撑处刚樱软标圆顺侧闲观窍门较劲趴战严荡场态补彻击颗恶偷忆响损毕习课输错伙辈哟节哎谓锐躲强级类腻噔疯饰潇挤奶适复帮热绝连搞懂伤盐请绩终试环顾咔哒进妈临啥晚闹异风帘嘟囔挠释怀义阳单纯丝隐约忧栈仿吓每铃谈烦两耸谁办厉结读瞪鸟噗挥队员执务凑莲戏词远细迈则调团腾识论渐阂虑骗蹦耍惊扑张摔尔达脑阔辉绿鲜摇捂讶见离车换电鹭滤丽闭甩绕牵劳扫懒愣讽颊训导糕丢蹭块乐园备鸣惫违拼啧钩您眨抢撇缘胳吵谎皱眯呦逊筹纤证咚沥围渍扩酯维质搁轮谢另胶诉资练规赛齐嘞烫炽竞裤护测纪阴泼灿烂肤闪赢晕盼惯启纵谴喷瞟咱俩讪毁骂咙脖红锁压缠运顿监鲇师贯饭图计划馆螃亏遗饿预额奖厅够脏扔篮误贴碰裆衅权飕拧户颜绽闯邻惮报袭夺瞄挡缩暂罢搐碟讲浇术举剧专缝键龙势审缓卫洁霉窝吱剂砖污顽墙绷诱涤绵递垃圾浑笼踩拖询睁树诚优纠产蓝历宫圣萝联艺杂囊扒栏仅泽稳综踢废评烧吞润唤鱼纸妆颈滚险跄蹒胀伦萦娇衬攥绪涨挣萨肠鱿妒费妩颤帅层雾镇啤咕鸡嘎抿龄岁选嚓买败负责铺馈趟罗杀浓艳绍谊竖朵坚净积攒泻极抚夹浊渴谨痹驳躺寻议钧际敌脐驱胧噜搅烁庞织舔纳贪拥叠悬溃账银购药逛饮马焰灭恼飞逻辑爷坟咧赌钱琐汹翘宽锅啵顶龟膛哑闻绘拨弹渗氯亵糙愤唧缚啰秽畅减咂卡忪窸窣闷沟骚验恳缰洼痉挛哧拢谅呗羁咻肿躏绑嗡涂惩罚须择项擤谱嚷汇瘫贵钝狱缆砰哗哔嗝扰络柜屉瞒揪嗓宁赏设灵份归构妇胜侣查养乌汉摊滩饶肮组捡岛艰棵屿拎辆噩币垫枫揍坠枪扳库穷职觑浏览坛饥兽喵狈丛伫营俱辩庆跃贞滥获聪骄谦驾驭创钉骑尘尴尬斩铁纷讥赞卖贫嘀华众统领锻炼烤赚赋扯拽呛呐货漩涡赐诫慑猎喏邋遢唠频业磕瞧玷阅蚀绞详齿郑酿谭尝拟骤飒贬栅鸭氧础崭妞娱嘻惭迁喻溅铜涩撬壶撸敛肃侥澜巅嚣嘈榨挖叽窥瘦冻伞栋怔铭怼浆掐咿玫蛊伟烘踮剑伪访阑橱滨销巢晾卧旷录钥阶摄桥娆邮浃舀塌捣瘾绯删钮捆劝轰诡沦搂濒链厕编纹疤宠谬苍垮诅绊钢轴载啃褴褛呕储憋谧陈铲祸苏签诞揭铛簌俏偿轨诀济乡惬撅饼筷诗亚驰蹬碳瘪仪陆县鹤嗨鲁贝腼纱舆咖喱财焕刘绳咪挪丧锦璀璨贩挚虾烩馅玛嘭窜睬搪钓纽纫检掰农缀蜓泵龈码喽诸绫嗞兰谐军汤婶筛炖辽帕闸摞厢绒婴涟漪瞌阱锋趋砸协嗦盎牺啸娓丫掺犷讯胁拦跤译颂蹩姗涉眶谜渔疗缕蘸篱贸驶壳濑岂啡钾仓馒"
  },
  "locale_emulator": {
    "enable": true,
    "codepage": 932,
    "locale": 1041,
    "charset": 128,
    "timezone": "Tokyo Standard Time",
    "wait_for_exit": false
  },
  "font_manager": {
    "enable": true,
    "resource_files": [
      "simhei.ttf"
    ],
    "spoof_enumeration": {
      "enable": false,
      "filter_pitch_and_family": 0,
      "filter_charset": 1,
      "spoof_charset": 128
    },
    "spoof_creation": {
      "enable": true,
      "override_face": "simhei",
      "override_charset": 134
    }
  }
}