{
  "injector": {
    "enable": true,
    "print_loaded_modules": false
  },
  "allocate_console": false,
  "tunnel_decoder": {
    "enable": false,
    "mapping": ""
  },
  "character_substitution": {
    "enable": true,
    "source_characters": "見劃進賛揚還評們認為産開髪養雖墜興鼡観給誠説這動請過東齡伝達総愛覚題標脳経樣環種長逓討論遙壇猟領熱対憤現謂識讓蘿運鷁時陝撃毎絶悪復実構戯麩堯戰馬類関顕濃簡単槇駕駛駆員試圖粛護場満結夾雑劇掲滅擾義陰謀弾郷庫鼇霊聖牽鶸剣羅麗節線両帰競漸終敗則統蘇陸術邊廟質風鄰園鼕麼―釿頂帯歓話記紀預問釈売狢較挙貞爾語難強齣鋼鉄頭飛変竜業聯調焼銭臨極牆該維設計応別軽宮負責飼鴿齒師騎絵囲繞絲倶楽賞龜項響階際欄備講諒僅鉤寛獲渉許継続錯視選畢訊夥導衆誰紹綾瑤嘗鷄誘軟懐贐課揮凜違懲罰麭剛訴鮠鉋湊嘆間臉離煩鶺妬撲騰錚談優晩罵鎬資減異鉐組織偸親純鰒確鶯勁鐔処齧門癆鵐鬧鯔転鷆鷽嗚厭擺張敵悶並曖険歩厳竪繊細髮採鶲鱇練習倣輳頓額勢憶暫陣鰈飄潤襾喬鰡撫聞襲吶隠約頚絨驚訝頼専職頬緊閉奮謎団鶫顫暢謝膚擣鰰膩幇証勲靜櫓滲紅暈連適鵺飽嘖澤詞須驗覩勝級奨庁蒼鵞擱匯鰾鱚醤塊圧倆務議黨烏鶏譜費餓報煉燦爛紐鎮鼈盤儀遺鳧換緤擇聡営窪顔遠誕顧隊輸罷憊撹餒誇驛栲紛華皷順針規荵餅藝傾飃侶電飾鰕塗層畳鮮艶塢慣済溝鮓監労験輌車緩轎執釁纏隨鎖貫冊銀鷭洶喚緒載陽輝鴃縁貼朶臓遅鏈蕩竄苙誤側筆藍驫顆碼糾傘堅飲凍鐘樹積溌瀉揺謐擠薬憂謙補鰆駁裃麁湯尋皺鮴麌鍵喪虧魚靭鯣渋値淨潔簾態縫貴爺餔臥闍撥躱閃輩賺紙懶書貨舗戸鈴亜饒龍鴒壷駮徹鞨鬨帥哢讌傷譴鵙膰篭轢顯輪鴻藹慮嘩蟷斉濺髱袙錫蘭渇暉搶閑喩権掃銘縮悩闘竅嶺鰊飯萬墾贈唄納歳翹騒買邁蝨漢読鵤訓詢焔貧毀鋭鷏縛銷鵁鴾館県銚漁鑚儲櫃懃廃襯蝸鹽擁傭購驟協劉陳餽歴韋鬪嚇雜蕋鞁鑢痺呑熾滾圓佇鈎髞鈕嬌繭鐇闊鏥窺絡繃鳰黴籃闖殺濆辯鈿羈絆蕚濁銛貪痙攣騙蘰奪瞞贏荅審諾穏賀懇鱆槍鶤潰鋒諍鵈蹌憫賽暁隕綻躍揀頑闢鹹農島衵豐軍蠏饐膠髢渾艱狽轟霧擬鳴噴貭賭撈攤慶頻拡窩襪誼簽輔賠鞆詆鏝懸獰齊鉱鍋紮杙鮨鮗検査媽攬衛績棟謹鄭繼療鶇釐醫謌厠創財啓穣綫瑣叢閥訳閲駲鱶郵詐釖厖鯰鳥筥桜斬鱗鏡鰄諧貢盧鑪軌贅嘔漲縦獅詭餘廂歯鰌餡馳瘡欖賓瘋遜災矚訪脇鴉編償剤豈點驃絞鯆鋺貎齢誂撓頒煥釀禍巓鍜魯勧鰤觸銜綽籌謬諳鵝貝邉尢鯛蝦嚢鰛測訂瀟軣漬餌釣紋汚腫邏輯諭幣倹聲鰮偵儂闌驢獄寧鞜伜駐駟鍛囂參詳摂髣頸襍薺鬚綿脹損蝋擲崗訣轉逧顛滌銅鑼億橋録鈞鵄鉛鈑岡碩逹磽塵緑躰寵痩蔭酘縄谺檸鮑梱蘊輾鈍輛錢澆惻觧絋聳鞴隴鳫孫烱倫乕馼驕灘瀝贖顏跼誹謗霑紳殲礎靫麥體獎蝪巣嫻諷蹠錻襠嘯筬隣鞐賦鰺釘銹窮慚獸娯偽亀鑰阯飢摯頗苺搾鍄蘂謡締唖鵯鑄倉販栄濾薩攅扱貮瀏覧頌靱皰錏顳艙頽鱧羇竰閇貶鷹釧鏘檻綱瀾辮諠譌頁繆綜鳳凱詩讚賢犠婦賊歛茲匱繹",
    "target_characters": "见划进赞扬还评们认为产开发养虽坠兴您观给诚说这动请过东办传达总爱觉题标脑经样环种长递讨论呢坛猎领热对愤现谓识让萝运裤时抨击每绝恶复实构戏傻啊战马类关显浓简单吧驾驶驱员试图肃护场满结夹杂剧揭灭扰义阴谋弹乡库厉灵圣牵扯剑罗丽节线两归竞渐终败则统苏陆术边庙质风另园啦么—嗒顶带欢话记纪预问释卖诶较举贞尔语难强沉钢铁头飞变龙业联调烧钱临极墙该维设计应别轻宫负责饲鸽份师骑绘围绕丝俱乐赏吗项响阶际栏备讲谅仅够宽获涉许继续错视选毕讯伙导众谁绍绫她尝踢诱软怀妩课挥你违惩罚碰刚诉啪跑凑叹间脸离烦嗯妒扑腾挣谈优晚骂搞资减异刁组织偷亲纯磕确哎劲呃处哪门唠吵闹咦转瞪哼呜厌摆张敌闷拼暧险步严竖纤细咚踩摔甩练习仿揍顿额势忆暂阵砰飘润撅瞧咕抚闻袭呐隐约颈绒惊讶赖专职颊紧闭奋谜团喂颤畅谢肤捣糕腻帮证勋噗噜渗红晕连适盯饱啧泽词须嘟囔胜级奖厅苍撑搁汇尴尬酱块压俩务议奶乌鸡谱费饿报炼灿烂扭镇桌盘仪遗谎换咣择聪营挖颜远诞顾队输罢惫搅馁垮烘烤纷华懂顺针规舀饼艺倾蹦侣电饰塌涂层叠鲜艳坞惯济沟眯监劳验辆车缓轿执衅缠跺锁贯呣银姬汹唤绪载阳辉愣缘贴朵脏迟链荡窜噔误侧笔蓝垫颗码纠伞坚饮冻钟树积泼泻摇谧挤药忧谦补啥驳卡躺汤寻皱挪挡键丧亏鱼韧胳涩值净洁帘态缝贵爷阱卧拽拨躲闪辈赚纸懒书货铺户铃亚饶咙脖壶揪彻嘎吱帅咔嚓伤谴扔咂笼啰嗦轮鸿蔼虑哗柠齐溅烫帕锡兰渴晖抢闲喻权扫铭缩恼陡窍岭趟饭腌啃赠呗纳岁翘骚买迈哒汉读唉训询焰贫毁锐丢缚销咖啡馆县铫渔钻储柜嘞废衬蜗拖拥佣购骤协刘陈捂历韦桩吓唬咿舔叽痹吞炽滚圆伫钩膛纽娇茧糙阔抿窥络绷砸霉篮闯杀靛辩踮羁绊阂浊哧贪痉挛骗喏夺瞒赢唰审诺稳贺恳绑枪砍溃锋睁盼跄悯赛晓陨绽跃捡顽呛嘿农岛咻丰军犷瞄胶嗡浑艰狈轰雾拟鸣喷嗖赌捞摊庆频扩窝袜谊签辅赔瘫诋碳悬狞咱矿锅钙镁垃圾检查妈拦卫绩栋谨郑娆疗嘻疙瘩馋厕创财启铂饪琐丛阀译阅咧嚷邮眨偎庞俏鸟嗝樱斩鳞镜棵谐贡卢踹轨赘呕涨纵狮诡拎厢齿嗓馅驰疮榄宾疯逊灾瞩访胁鸦编偿剂岂爸镖绞趴蹭喵龄掰挠颁焕酿祸巅钮鲁劝哟叼衔绰筹谬谙鹅贝烩鱿鲷虾囊耍测订潇嗨渍饵钓纹污肿逻辑谕币俭忪喔侦哝阑驴狱宁橱鼯驻驷锻嚣掺详摄筷嚎嘀荠碟绵胀损蜡掷岗诀乒乓颠涤铜锣亿桥录钧歧铅扳冈硕捅跷尘绿坝宠瘦荫缰绳晾拧鲍捆蕴辗钝跤瞟浇恻撬逛耸瘾拢玫孙啵伦啕眶骄滩沥赎噩攥诽谤玷绅氮础茬丫啤嘈刨巢娴讽搐狰裆啸嘁邻掐赋账钉锈穷惭兽娱伪龟钥屉饥挚颇呦榨喳瞌谣缔哑怔瞅仓贩荣滤萨攒搪咝浏览颂疤哐啷噢舱颓煞挲喱讪贬鹰钏锵槛纲澜辫忐忑页缪综凤凯诗娅贤牺妇贼敛兹匮绎"
  },
  "locale_emulator": {
    "enable": true,
    "codepage": 932,
    "locale": 1041,
    "charset": 128,
    "timezone": "Tokyo Standard Time",
    "wait_for_exit": false
  },
  "font_manager": {
    "enable": true,
    "resource_files": [
      "simhei.ttf"
    ],
    "spoof_enumeration": {
      "enable": false,
      "filter_pitch_and_family": 0,
      "filter_charset": 1,
      "spoof_charset": 128
    },
    "spoof_creation": {
      "enable": true,
      "override_face": "simhei",
      "override_charset": 134
    }
  }
}