{
  "injector": {
    "enable": true,
    "print_loaded_modules": false
  },
  "allocate_console": false,
  "tunnel_decoder": {
    "enable": false,
    "mapping": ""
  },
  "character_substitution": {
    "enable": true,
    "source_characters": "実開進東麼時樣讓極興奮遙親離態備堯這槇預帯悪劇間説髪鶺龜凜爺馬―漲僅経駁點対軽覚過験変動別輸識見継続復問題語満現習厳粛邊話為還補閑亜護難総門該紀穏鶫麁哢讌滾嘆鵤雖齡毎敗聯絡瑤幇畢業爾電遠師専結們終記勝負萓換団確認頭請関鐔鹹鼕愛嗚尋剛臉響強鯔鰡誰聞飯訓詞歩盤斉聳場責遅諒鶯風積嬌瘋達熱鬧鉤鎬晩長種寧張較隠揺飾顔謝櫓靜鞁縫臓給鶏異駲蹠痙攣呑処頂鼇髱連陰蕋釈陣頻鰤撓亀並皺撃緊雑蕩饐歓絶龍膩縮圧襲細顫齣牽脳朧戯懃纏繞紐応慮鵞軟練銛鮠搾挙鶇錯順伝顕腫脹溝倣紅皷錚緩閉繃堅夾謙遜狢擺塗繊弾鶲鷽鄰調齒許険麭運顧両試圖裃擠縁鈎視線勢釿膚訴宮貼産適匯煩翹撫拡頬潤誘嚇衵吶義貫鑢媽辯襾槍輪華楽論約厖転懐絲納渇討厭節焼級漸釖議歴驚訝譜悶囲報鷁鳧撹慣則綿窺謂簡診懇澤暈権縦烱観鰛騰喚検査掻麌鮴濾擾滲奨療偸厠勁朶髮濃織詢偉暫偽鵺嗇噴寵嚢搶鋺奪鰰喞轢徹側啓歯術誠詳濁倫筴選擇熾騙穢書類鷏編渾・敵務臍襠飛躱贐傾懲罰鈕顆賛錢浹設遺袙襯齧済衆迚荅鼡協斬釘鉄項夥組戰賽戸鑰談員摯掲昿証贏競喪優幣驗煥計棗規蝪劃覩鋭憶黨環鉋虧鑽蠏帥藍錣麗擁鱇暢標閃爍飢餓獸採閇鏈悩縛費襍顳労陽鍵饅買騒売鼈単鐘隊導憤麩縄蘰聡緒減倆塊額鮓絋鰈駆赱貝撲驫須猟執銃違純逓擲賭嘩館庁償豈釟釁淨鏘鵐窪車鞜憊籃餔揀誤霊鳰諧飽鈍鵝薬髣誼嘗養醤鳥園漢蘿剣唖傷鍋湯鵁竰蝦袮婦羅塩罷揚綴掃谺飄襪紙舗憂鵙綉艶紋蠍鰆儂綫畳倶鮮圓鐇魚髢檸竜鞨鬨祕聖誕揮鷆闍慶懶鞐購蘇講鄭際毀犠億儀闖攅誂顏蘭樹鉗創渋荵詐鞆潰騎濺喩層鳴歳絆藝窩鴒読馼頁膠輯鈴獎鑒渦賀輌糾帰紛課囂娯鞴腸豐輩絵餅顯輾鎮綜郷殺諍貪臨濱艙頓簾鰄洶摂資輝廂維溌測鯰飲湊靫頚値碼贈獲罵賊軍統録巓觧澆妬簽竪塁篭欖輔絨鉛筆鶸貎饒餽懸凍櫃墾薩鯣鯆領潔載甎鰕闢賦膓階頼職桜痺壷銀剤郵勧侶謡鈿瀉鈞蝕鉐誡渉齊諷軣栄齢輳纜鴃鱆訂諾撥銜貨嘖銭阯竡漬隴営鰾鱚遷鮨鮗瞞貴擱倉庫鑚質鏡龕軸鎖臥爛邁棟鹽綻僂蕎粧歛鰊孫鰉霑汚針閨訪滅誇謬貞煉髞塵窮麥喬蹌灘罧飃糞鮑緑牆瑪隣鏥飼銷閲閧欄尢阨燉黐績獄烏臘鷄鰹萬鍜蘂錺禍頑衛構珎燦攬攤島脇蓚聲躍賓賺瀟陸覧觸鰺鑞縺柵漣豼驕閖紗黴詭諱鴉瑣擬飆紳曖憫廃撈訣囈燼蒼訊蘊籌憚帳簒鴎漁肬皰狽輛儲頤茲轟髴監詩諠譌嶄驛魯竄鍼漿處悧虜絞絅災訳釐醫栲鴾癆褻鍛鱧寛趨評轎駛損颪訟紹竅蝨貭钁艱財邏靉鰌濫濶傘闊鑑賞鬘謹",
    "target_characters": "实开进东么时样让极兴奋呢亲离态备啊这吧预带恶剧间说发嗯吗你爷马—涨仅经驳爸对轻觉过验变动别输识见继续复问题语满现习严肃边话为还补闲亚护难总门该纪稳喂躺咔嚓滚叹唉虽办每败联络她帮毕业尔电远师专结们终记胜负擞换团确认头请关呃嘿啦爱呜寻刚脸响强咦咕谁闻饭训词步盘齐耸场责迟谅哎风积娇疯达热闹够搞晚长种宁张较隐摇饰颜谢噜噗舔缝脏给鸡异咧搐痉挛吞处顶厉烫连阴咿释阵频哟挠龟拼皱击紧杂荡瞄欢绝咙腻缩压袭细颤沉牵脑胧戏嘞缠绕扭应虑撑软练哧啪榨举嘻错顺传显肿胀沟仿红懂挣缓闭绷坚夹谦逊诶摆涂纤弹摔哼另调份许险碰运顾两试图卡挤缘钩视线势嗒肤诉宫贴产适汇烦翘抚扩颊润诱吓咻呐义贯叽妈辩撅枪轮华乐论约庞转怀丝纳渴讨厌节烧级渐偎议历惊讶谱闷围报裤谎搅惯则绵窥谓简诊恳泽晕权纵啵观耍腾唤检查搔挡挪滤扰渗奖疗偷厕劲朵咚浓织询伟暂伪盯啬喷宠囊抢蹭夺糕唧啰彻侧启齿术诚详浊伦呲选择炽骗秽书类丢编浑·敌务脐裆飞躲妩倾惩罚纽颗赞瞟浃设遗帕衬哪济众睽唰您协斩钉铁项伙组战赛户钥谈员挚揭旷证赢竞丧优币嘟焕计枣规刨划囔锐忆奶环跑亏婶犷帅蓝桨丽拥甩畅标闪烁饥饿兽踩讪链恼缚费嘀噢劳阳键馒买骚卖桌单钟队导愤傻绳喏聪绪减俩块额眯逛砰驱靶贝扑垫须猎执铳违纯递掷赌哗馆厅偿岂扒衅净锵吵挖车橱惫篮阱捡误灵砸谐饱钝鹅药筷谊尝养酱鸟园汉萝剑哑伤锅汤咖喱虾蘸妇罗盐罢扬缀扫晾飘袜纸铺忧扔绣艳纹斓啥哝饪叠俱鲜圆糙鱼嗡拧龙嘎吱哔圣诞挥瞪拽庆懒掐购苏讲郑际毁牺亿仪闯攒掰噩兰树钳创涩舀眨瘫溃骑溅喻层鸣岁绊艺窝脖读眶页胶辑铃嘈漩涡贺辆纠归纷课嚣娱瘾肠丰辈绘饼嗦辗镇综乡杀睁贪临滨舱顿帘棵汹摄资辉厢维泼测俏饮凑茬颈值码赠获骂贼军统录巅撬浇妒签竖垒笼榄辅绒铅笔扯喵饶捂悬冻柜啃萨胳趴领洁载砖塌呛赋糗阶赖职樱痹壶银剂邮劝侣谣踮泻钧蚀刁诫涉咱讽嗨荣龄揍缆愣绑订诺拨衔货啧钱屉遛渍拢营尴尬迁垃圾瞒贵搁仓库钻质镜龛轴锁卧烂迈栋拖绽搂荞妆敛趟孙媳玷污针闺访灭垮谬贞炼膛尘穷丫瞧跄滩泵蹦粪鲍绿墙玛邻抿饲销阅憋栏鱿铲炖爹绩狱乌腊踢鲣腌钮瞌簌祸顽卫构撸灿拦摊岛胁盹忪跃宾赚潇陆览叼账邋遢栅涟漪骄飕纱霉诡讳鸦琐拟飙绅暧悯废捞诀呓烬苍讯蕴筹惮帐篡鸥渔蹩哐狈跤储颐兹轰稣监诗忐忑崭烘鲁窜萦浆窸窣虏绞纫灾译疙瘩烤啡唠亵锻煞宽趋评轿驶损觑讼绍窍哒嗖氧艰财逻呸嗓滥肮伞阔鉴赏孽谨",
    "repeat": [
      "侘"
    ]
  },
  "locale_emulator": {
    "enable": true,
    "codepage": 932,
    "locale": 1041,
    "charset": 128,
    "timezone": "Tokyo Standard Time",
    "wait_for_exit": false
  },
  "font_manager": {
    "enable": true,
    "resource_files": [
      "simhei.ttf"
    ],
    "spoof_enumeration": {
      "enable": false,
      "filter_pitch_and_family": 0,
      "filter_charset": 1,
      "spoof_charset": 128
    },
    "spoof_creation": {
      "enable": true,
      "override_face": "simhei",
      "override_charset": 134
    }
  }
}