{
  "injector": {
    "enable": true,
    "print_loaded_modules": false
  },
  "allocate_console": false,
  "tunnel_decoder": {
    "enable": false,
    "mapping": ""
  },
  "character_substitution": {
    "enable": true,
    "source_characters": "為這麼熱還鷽種覚槇凜遙龜晩桜嗚鐔堯閉齡説傷樣殺鉤負開煩興鵐鯔帯齧別廃話過粃歓臨門進現喪時雖讓馬誤結剛瑤輩記們関鰰臉見鶫齊倆鼕層夥幇給険東軽鱇経確―撃対長動騙難実請軟髪責運両紙揀応該団鶺識間優醤鵙鼈銭測狢観報媽訴愛鼇積極謝鎬麌視線鶯離絶宮橋邊語撥詳細認親鷏鮠飯順黨郵強湯議歩錯嘖執鷆調堅毎鰆燉糾纏買備問萬蘿飽節許鍵総戸歳逹類陰謂異鼡擾鰤觸髣挙単純換漢標簽試較華満齒澆鶏蝦餃倣塊側則擠盤連詞鰡緊蘰隊鈔鋺売勢囲樹張紹顕転奮鄰隠級僅轟悩鵤風電贏皷計劃題閑際鰾鱚偸討厭鶸鵺誰畢餓暈処庁響務喚労鹹碼書湊鑰閲齣雑塵頓達継続読厳粛譜霊頭淨喬師導綫焼簡変魯鬧劇評陽髞預轢顯駲遅鈍揺設鎖場復獲奪権獄終鉋歴園麗餅虧適環勁潰講暫業徹敗輳飲飄揚齢鰛車隣帰慶賓體顳謹選擇攤態値裃顆爾躰滾飛墜瑣費闖窩縮鞨貭撓釁伝牆論悪鷁約櫃鷄専縫絅驫顧領採鶲魚輸毀慮諱嚇紀懃訂購営獅縄脳島嶼擺飾楽點誘臓噴靜査鴒規・鯲蝨訓習慣遠驚郷鐶銀顔紅鵁鴾幣販龍朶嬰職員釈揮懶貨聯鶴蟄腫損尋貼鯆戯諍驗覩鐘憊鳴圖鰊髮罵鯰襲釐醫閖渾櫓頂麭拡寧紳漸饐頚産棟渇蟇遺輌搶補軍鮓皺鎌倉懐繞蘭麥貧窮癆統歛牽検鳥獸鹽義嘔諒償嘗証録頼羈絆訳圓偉談課筆聞鑚撫鵞穏誂攬撲紐遷擣筴敵陣駆蒼鈞鳧嬌侶鍛煉厠戰護創逓偽減圧傾絲欄脇躱並閙栲麩組養詩賽窺濱練須賠汚飃験簾儲舗娯輪囂塗弾髱術擬鰈喞鰮騰孫縁顫荅嘩膩鞁驟撹烏聡誇謡聖斬衵閃濺鮮鍋訊編帥憶騒貴靉館倫猟剣塩質頻鑼貎鎮織顛賛嫻騎載針繃銛勝審礎餽瞞爛鞆夾婦鉄鈴訪絋鶇燦邁階擁軣訝協凱欖苺僂監蕎鮨鮗誠奨羅穎祕薬亜黌粧襍尢腸膚襯鱧緒溝銷鯛參鯣諜漲錚頬鮹艶賺帳鰺莊懸撻闢梱鱆膠債罷餡麁緩剤謀篭黴檻頑膰檸呑糞額崗績誕資詭斉潤鋒掲潔瀟霑寵艱刪災邏傘療畳藝襪饒賦袙鏡納鰉臍饋唖爺維陦竢躍鰕橢贅靫繚暢蘇踈凍鳰貍桟妬唄庫鰄籃賞糴墾檳鞐鏝袮鬚闍悶阨貢嘆懲罰鮴聳違蹠鑢鍄喩釿撈詐紛衆槍憤鰌辯瘋掃諷蘂鳫藍詛竰鱗詢鈩鏥飢豈攅豐賀遜財詣謎貶狽謐渋哢吶竡薩綉駁綻瀕躪脹滲亀褻涜熾贐繊譴薐襠軌鈕貪歯蹤駕駛鍼鍜鉛禍雜鴃阯輛靱儀痙攣貫鋭壷蕩羇廏鈿霧鏈筥鑽飴鶤冊閇誅隨絡苙竜獵鬪钁谺啓貿姉駮賭蝋燭籬鴿絞窪鞜栄鐙氈済肭痩徃蘚鐇縛瀉濁絵漿頁蹌搾齋馼嶢蓚紗餔諺犠寛項貝鮑輙鑞縺柵匯鈎緑淪濫構讌農綜蝟誼頸錢諸擲賄賂曖鑵謙翹蔔禿綿蛯鞴痺虜襾闊覧繕摂劉憫艀鴉憂漬荵綢岡絨紋諧鬨鰒囈輯競勧衛簒縦竪烱齦濃厖擱澤蝕疂懇穢鑒渦釀銹矼茖觧爍膿墳鸛蟷鑪灘嗇呂餞",
    "target_characters": "为这么热还哼种觉吧你呢吗晚樱呜呃啊闭办说伤样杀够负开烦兴吵咦带哪别废话过搡欢临门进现丧时虽让马误结刚她辈记们关糕脸见喂咱俩啦层伙帮给险东轻甩经确—击对长动骗难实请软发责运两纸捡应该团嗯识间优酱扔桌钱测诶观报妈诉爱厉积极谢搞挡视线哎离绝宫桥边语拨详细认亲丢啪饭顺奶邮强汤议步错啧执瞪调坚每啥炖纠缠买备问腌萝饱节许键总户岁捅类阴谓异您扰哟叼筷举单纯换汉标签试较华满份浇鸡虾饺仿块侧则挤盘连词咕紧喏队钞蹭卖势围树张绍显转奋另隐级仅轰恼唉风电赢懂计划题闲际尴尬偷讨厌扯盯谁毕饿晕处厅响务唤劳嘿码书凑钥阅沉杂尘顿达继续读严肃谱灵头净瞧师导饪烧简变鲁闹剧评阳膛预啰嗦咧迟钝摇设锁场复获夺权狱终跑历园丽饼亏适环劲溃讲暂业彻败揍饮飘扬龄耍车邻归庆宾啤噢谨选择摊态值卡颗尔坝滚飞坠琐费闯窝缩嘎嗖挠衅传墙论恶裤约柜踢专缝纫垫顾领踩摔鱼输毁虑讳吓纪嘞订购营狮绳脑岛屿摆饰乐爸诱脏喷噗查脖规·咪哒训习惯远惊乡佬银颜红咖啡币贩咙朵婴职员释挥懒货联鹤蛰肿损寻贴趴戏睁嘟囔钟惫鸣图趟咚骂俏袭疙瘩飕浑噜顶碰扩宁绅渐瞄颈产栋渴囱遗辆抢补军眯皱镰仓怀绕兰丫贫穷唠统敛牵检鸟兽拖义呕谅偿尝证录赖羁绊译圆伟谈课笔闻钻抚撑稳掰拦扑扭迁捣呲敌阵驱苍钧谎娇侣锻炼厕战护创递伪减压倾丝栏胁躲拼喽烤傻组养诗赛窥滨练须赔污蹦验帘储铺娱轮嚣涂弹烫术拟砰唧喔腾孙缘颤唰哗腻舔骤搅乌聪垮谣圣斩咻闪溅鲜锅讯编帅忆骚贵呸馆伦猎剑盐质频锣喵镇织颠赞娴骑载针绷哧胜审础捂瞒烂瘫夹妇铁铃访逛嘻灿迈阶拥嗨讶协凯榄呦搂监荞垃圾诚奖罗颖哔药亚妮妆嘀鱿肠肤衬煞绪沟销鲷掺胳谍涨挣颊撇艳赚帐账螃悬挞呛捆绑胶债罢馅躺缓剂谋笼霉槛顽咂拧吞粪额岗绩诞资诡齐润锋揭洁潇玷宠艰删灾逻伞疗叠艺袜饶赋帕镜纳媳脐馈哑爷维蚂蚱跃塌椭赘茬缭畅苏惦冻砸洼栈妒呗库棵篮赏骛啃槟掐碳蘸碟拽闷铲贡叹惩罚挪耸违搐叽喳喻嗒捞眨纷众枪愤嗓辩疯扫讽瞌玫蓝诅喱鳞询哆抿饥岂攒丰贺逊财诣谜贬狈谧涩咔呐遛萨绣驳绽濒躏胀渗龟亵渎炽妩纤谴棱裆轨纽贪齿彤驾驶萦钮铅祸唬愣屉跤疤仪痉挛贯锐壶荡挲嘬踮雾链嗝婶饴砍呣讪诛跺络噔龙锉桩氧晾启贸姊揪赌蜡烛篱鸽绞挖橱荣蹬毡济蘑瘦烯藓糙缚泻浊绘浆页跄榨噘眶鲭盹纱阱谚牺宽项贝鲍拴邋遢栅汇钩绿沦滥构嚓农综猬谊嚎瞟诸掷贿赂暧缴谦翘臊秃绵嗬瘾痹虏撅阔览缮摄刘悯蜓鸦忧渍舀绸冈绒纹谐吱磕呓辑竞劝卫篡纵竖啵龈浓庞搁泽蚀怼恳秽漩涡酿锈擤噼撬烁脓坟鹳柠踹滩啬吕饯",
    "remain": [
      "呿",
      "𫓴"
    ],
    "repeat": [
      "車",
      "長",
      "験",
      "現",
      "師",
      "課",
      "試",
      "紀",
      "薬",
      "係",
      "優",
      "魚",
      "辺",
      "溝",
      "達",
      "樹",
      "員",
      "転",
      "親",
      "桜",
      "務",
      "業",
      "沖",
      "場",
      "華",
      "姉",
      "順",
      "豊",
      "郵"
    ]
  },
  "locale_emulator": {
    "enable": true,
    "codepage": 932,
    "locale": 1041,
    "charset": 128,
    "timezone": "Tokyo Standard Time",
    "wait_for_exit": false
  },
  "font_manager": {
    "enable": true,
    "resource_files": [
      "SIMLI.TTF"
    ],
    "spoof_enumeration": {
      "enable": false,
      "filter_pitch_and_family": 0,
      "filter_charset": 1,
      "spoof_charset": 128
    },
    "spoof_creation": {
      "enable": true,
      "override_face": "LiSu",
      "override_charset": 134
    }
  }
}