{
  "injector": {
    "enable": true,
    "print_loaded_modules": false
  },
  "allocate_console": false,
  "tunnel_decoder": {
    "enable": false,
    "mapping": ""
  },
  "character_substitution": {
    "enable": true,
    "source_characters": "為這麼熱還鷽種覚槇凜遙龜晩桜嗚鐔堯閉齡説傷樣殺鉤負開煩興鵐鯔帯齧別廃話過粃歓臨門進現喪時雖讓馬誤結剛瑤輩記們関鰰臉見鶫齊倆鼕層夥幇給険東軽鱇経確―撃対長動騙難実請軟髪責運両紙揀応該団鶺識間優醤鵙鼈銭測狢観報媽訴愛鼇積極謝鎬麌視線鶯離絶宮橋邊語撥詳細認親鷏鮠飯順黨郵強湯蘰議歩錯嘖執鷆調堅毎鰆燉糾纏買備問萬蘿飽節許鍵総戸歳擾軍適謂異鼡鰤觸髣挙単純換漢標簽試較華満齒澆鶏蝦餃倣塊側則擠盤連詞鰡緊隊鈔鋺売勢囲樹張紹顕転奮鄰隠級僅轟悩鵤風電贏皷計劃題閑際鰾鱚偸鶸鵺誰畢餓暈庁響務喚労討厭鹹碼書湊鑰閲齣雑類塵頓達継続読厳粛譜霊頭淨喬師導綫焼簡変魯鬧劇評陽髞預轢顯駲遅鈍揺設鎖場復獲奪権獄終鉋歴園麗餅虧環勁潰講暫業徹敗輳飲飄揚齢鰛車隣嘔帰慶賓體顳謹選擇攤態値陰顆処爾躰滾飛墜瑣費闖窩縮鞨貭撓釁伝牆論悪鷁約櫃鷄専縫絅驫顧領採鶲魚輸毀慮諱嚇紀懃訂購営獅縄脳島嶼擺飾楽構騒點誘臓噴靜査鞐鴒規・鯲蝨訓習慣遠驚郷鐶銀顔紅鵁鴾幣販龍朶麁嬰職員釈揮懶貨聯鶴蟄腫損尋貼鯆戯諍驗覩鐘憊鳴圖鰊髮罵鯰襲釐醫閖渾櫓頂麭拡寧紳漸饐頚産棟渇蟇鎮遺輌裃搶補鮓皺鎌倉懐繞蘭貧窮摯癆統歛牽検鳥獸鹽義諒償嘗証録頼羈絆訳圓偉談課筆聞鑚撫鵞穏誂攬撲紐遷擣筴敵陣駆蒼鈞鳧嬌侶鍛煉厠戰護創逓偽減圧傾絲欄脇躱並閙栲麩組養詩賽窺濱練須賠汚飃験簾儲舗娯輪囂塗弾髱術擬鰈喞鰮騰孫縁顫荅嘩霧膩鞁驟撹烏聡誇謡聖斬衵閃濺鍋訊編鮮帥憶貴靉館倫婦猟剣蝸塩質鉄頻鑼貎織顛賛藝騎載針繃銛勝審礎餽瞞爛鞆夾鈴訪絋鶇燦邁階擁軣訝凱欖苺僂監蕎鮨鮗誠奨羅穎祕薬亜黌粧襍尢腸膚襯鱧緒溝銷鯛參鯣諜漲錚頬鮹艶賺帳鰺莊懸撻闢梱鱆膠債罷餡緩剤謀篭黴檻頑膰檸呑糞額崗績誕資詭斉潤鋒掲潔瀟霑寵艱刪災邏傘療畳襪饒賦袙鏡納鰉臍唖爺維陦竢躍鰕橢贅靫繚暢蘇踈凍鳰貍桟妬唄庫鰄籃賞糴墾檳鏝袮鬚闍悶阨貢嘆懲罰鮴聳違蹠鑢鍄喩釿撈詐紛衆槍憤鰌辯瘋掃諷蘂鳫藍詛竰鱗詢鈩鏥飢豈攅豐賀遜詣謎貶狽謐渋哢吶竡薩綉駁綻瀕躪脹滲亀褻涜熾繼繊譴薐襠軌鈕貪歯蹤駕駛鍼鍜鉛禍雜鴃阯輛靱儀痙攣貫鋭壷蕩羇廏鈿鏈筥鑽飴鶤冊閇誅隨協嫻絡苙竜獵鬪钁啓貿姉駮賭蝋燭籬鴿絞窪鞜栄鐙氈済肭痩徃蘚鐇縛瀉濁絵漿贐頁蹌搾齋馼嶢蓚紗餔諺魎犠寛項貝鮑輙鑞縺柵匯鈎緑淪濫讌農麥綜蝟誼頸錢諸擲賄賂曖鑵謙翹蔔禿綿蛯鞴痺虜襾闊覧繕摂劉憫艀鴉憂漬荵綢岡絨紋諧鬨鰒囈輯競勧衛簒縦竪烱齦濃厖擱澤谺蝕疂懇穢鑒渦釀銹矼茖觧爍膿墳鸛蟷鑪灘嗇呂餞",
    "target_characters": "为这么热还哼种觉吧你呢吗晚樱呜呃啊闭办说伤样杀够负开烦兴吵咦带哪别废话过搡欢临门进现丧时虽让马误结刚她辈记们关糕脸见喂咱俩啦层伙帮给险东轻甩经确—击对长动骗难实请软发责运两纸捡应该团嗯识间优酱扔桌钱测诶观报妈诉爱厉积极谢搞挡视线哎离绝宫桥边语拨详细认亲丢啪饭顺奶邮强汤喏议步错啧执瞪调坚每啥炖纠缠买备问腌萝饱节许键总户岁扰军适谓异您哟叼筷举单纯换汉标签试较华满份浇鸡虾饺仿块侧则挤盘连词咕紧队钞蹭卖势围树张绍显转奋另隐级仅轰恼唉风电赢懂计划题闲际尴尬偷扯盯谁毕饿晕厅响务唤劳讨厌嘿码书凑钥阅沉杂类尘顿达继续读严肃谱灵头净瞧师导饪烧简变鲁闹剧评阳膛预啰嗦咧迟钝摇设锁场复获夺权狱终跑历园丽饼亏环劲溃讲暂业彻败揍饮飘扬龄耍车邻呕归庆宾啤噢谨选择摊态值阴颗处尔坝滚飞坠琐费闯窝缩嘎嗖挠衅传墙论恶裤约柜踢专缝纫垫顾领踩摔鱼输毁虑讳吓纪嘞订购营狮绳脑岛屿摆饰乐构骚爸诱脏喷噗查掐脖规·咪哒训习惯远惊乡佬银颜红咖啡币贩咙朵躺婴职员释挥懒货联鹤蛰肿损寻贴趴戏睁嘟囔钟惫鸣图趟咚骂俏袭疙瘩飕浑噜顶碰扩宁绅渐瞄颈产栋渴囱镇遗辆卡抢补眯皱镰仓怀绕兰贫穷挚唠统敛牵检鸟兽拖义谅偿尝证录赖羁绊译圆伟谈课笔闻钻抚撑稳掰拦扑扭迁捣呲敌阵驱苍钧谎娇侣锻炼厕战护创递伪减压倾丝栏胁躲拼喽烤傻组养诗赛窥滨练须赔污蹦验帘储铺娱轮嚣涂弹烫术拟砰唧喔腾孙缘颤唰哗雾腻舔骤搅乌聪垮谣圣斩咻闪溅锅讯编鲜帅忆贵呸馆伦妇猎剑蜗盐质铁频锣喵织颠赞艺骑载针绷哧胜审础捂瞒烂瘫夹铃访逛嘻灿迈阶拥嗨讶凯榄呦搂监荞垃圾诚奖罗颖哔药亚妮妆嘀鱿肠肤衬煞绪沟销鲷掺胳谍涨挣颊撇艳赚帐账螃悬挞呛捆绑胶债罢馅缓剂谋笼霉槛顽咂拧吞粪额岗绩诞资诡齐润锋揭洁潇玷宠艰删灾逻伞疗叠袜饶赋帕镜纳媳脐哑爷维蚂蚱跃塌椭赘茬缭畅苏惦冻砸洼栈妒呗库棵篮赏骛啃槟碳蘸碟拽闷铲贡叹惩罚挪耸违搐叽喳喻嗒捞眨纷众枪愤嗓辩疯扫讽瞌玫蓝诅喱鳞询哆抿饥岂攒丰贺逊诣谜贬狈谧涩咔呐遛萨绣驳绽濒躏胀渗龟亵渎炽娆纤谴棱裆轨纽贪齿彤驾驶萦钮铅祸唬愣屉跤疤仪痉挛贯锐壶荡挲嘬踮链嗝婶饴砍呣讪诛跺协娴络噔龙锉桩氧启贸姊揪赌蜡烛篱鸽绞挖橱荣蹬毡济蘑瘦烯藓糙缚泻浊绘浆妩页跄榨噘眶鲭盹纱阱谚魉牺宽项贝鲍拴邋遢栅汇钩绿沦滥嚓农丫综猬谊嚎瞟诸掷贿赂暧缴谦翘臊秃绵嗬瘾痹虏撅阔览缮摄刘悯蜓鸦忧渍舀绸冈绒纹谐吱磕呓辑竞劝卫篡纵竖啵龈浓庞搁泽晾蚀怼恳秽漩涡酿锈擤噼撬烁脓坟鹳柠踹滩啬吕饯",
    "remain": [
      "𫓴",
      "呿"
    ],
    "repeat": [
      "達",
      "現",
      "沖",
      "姉",
      "試",
      "郵",
      "溝",
      "転",
      "優",
      "紀",
      "魚",
      "長",
      "員",
      "車",
      "親",
      "順",
      "験",
      "師",
      "訳",
      "華",
      "課",
      "辺",
      "豊",
      "務",
      "樹",
      "桜",
      "場",
      "係",
      "業",
      "薬"
    ]
  },
  "locale_emulator": {
    "enable": true,
    "codepage": 932,
    "locale": 1041,
    "charset": 128,
    "timezone": "Tokyo Standard Time",
    "wait_for_exit": false
  },
  "font_manager": {
    "enable": true,
    "resource_files": [
      "SIMLI.TTF"
    ],
    "spoof_enumeration": {
      "enable": false,
      "filter_pitch_and_family": 0,
      "filter_charset": 1,
      "spoof_charset": 128
    },
    "spoof_creation": {
      "enable": true,
      "override_face": "LiSu",
      "override_charset": 134
    }
  }
}