{
  "injector": {
    "enable": true,
    "print_loaded_modules": false
  },
  "allocate_console": false,
  "character_substitution": {
    "enable": true,
    "source_characters": "開風鉋為達別遅這夥麼們槇現話還剛謝難両説樣龜讓媽訴対鶸凜鬧紐遠臉見進羅倫薩時顧鶫齡堯點飯挙鶺髪嗚緊種楽銭業績僅遙瑤幇過単純関頂親許視敵絶並護憶躱変雖処鰰態門続毎謂実際脇経連傷級擺囲間師観員険調査場興魯醤鵤齧嬌鯔熱絲鼈齒換閑鑪闖罷馬溝畢賞狽喬総備錯覚邊応貴結鹹伝離館較線暈確揺頭脳駆鰈詛潤満鵺緒鐔釈東頬霊類憊鶯嚇儲騒動鵙鮨鮗紙義終証軽組細蒼斉詢問顫強勢訓渾軟張繊貼撲懐綢掃麭絋識漸齣撃飄園膩鷄揮賽狢題討厭寧飽長嘆記庫讚皷閉針執環擾觸煩廃鰡櫓論誰歩匯歓簡誘導隊傾嘗試敗歴戰協則習専壷給適懃皰鷽蝨鼕聞負責預輪黴餓鵐牽顕閃帯倣鹽髮響書趨復雑圖談認擁虧獲諍術補選擇団異勁鮠講課閲評頓陽瀉朶積鶲誤隠約―鼇斬釘鉄該滾飛憂鉅緩蕩麗龍苺尋殺語爍資渋鰾鱚鵞繞鈿瘋療値順鎬報務鰊継悩運竪畳請倉鉤転鋼島閙鷆詭釁軣悪獸紅筆麌権堅領呑驚訝撫襾偸窺飾頁紀贏奨勝躍縄鱆採練憤僂奮輸費詞鍵項隣揀絆鳰貭極蹌邁産載懶劉獎読鶇車標劇騰臨逓須質蕚審蘰餽節聲闍規靜優陣晩議暫録電計鬘縁鈍朧拡綿頚圓鮓圧滌貫哢釿鰤劃澆慮麩渇違愛鈴悶餅慣麁買鼡掲暁購陰毀剣詳誠懇鰮滅戸鑚帰糾爛闢縛鎖鏈鑰帥黨歳構暢創測貶塗爾篭昿労鎮禍鷁鷏鵁鴾懲罰驕緑啓鄰輌穏袰藍聳監摂戯庁絵爺撹颪薬軍顔銀盤諾喪鮮鈑営攤験聡設鳧纏潔襍喚駁痺熾襲鰕霧辯鋺遺貿喩厳粛蝦賺縮厠瀾揚衆厖賜頻減蝕豐墜誕職囂潰歯鯲鋭層腸鞆噴華烱筴飢嘖夾奪亀膚徹驗納躪髱霑汚錚喞撓縫詐鞁脹滲叢塊窪弾撥駮墾淨臓顆吶維譜轟塵損馼謬済廟樹篤鐘帳慫馳躰頼貨騙湊賭簽財偽餔饐藝鰛絨・陳梱撈魚烏鳥焼鴒邏綱牆簾闘顱塁額轢顯漢騎攬鳴嘩贅雜鑢鯣襯衛欄萓鰄寛皺頑覩竜阯臍衵裃谺鍋襃鑞縺輩舗鏡偉鞨礎諒籠瀕嬰鬨絡櫃漬賛蝋剤燦頗鰌輝編鯨賦髞襪誇閖鵄瑣売鬚閇競統蒭駲診翹禿鮟糀饒擠讒蘇蘂漲洶鑵橢觧鯆窩迚銷紋繃訣竅輳聯搶検罵駒驢蓚階瞞鑿扱痩擱鯰酘湯鮹側槍織鴉檸鰺靉閧漣豼讙栄飲齊綻飃償釖侶鴿碼霤鑒渦綜懣轎鐙蝪莊綽嘯謀瑪養齢碩犠繆濺懸凍濫災棟蘆頸縦焔駕駛銘濱亜蘭濃艱軌紛軸顛鴃跼痙攣桜鮴贖灘貝盧鱇鋒驟唖岡黌寵懾鰆闡銜驫貢儀蘊橋蛍餘蘿證蕋髢婦艶諠譌轍釟讌訳聖誡勧隨珎荵髣栲輛塩澤體蔭柵攅豈諷鯛郷貎鶏蹠蕎鉱籃錏擣腫竃釀竰綫鞐鈬鈞腎陸窮鴻繙筥諸獄駭靆唄覊淪臥銛擬倆億顏艀僥渉銹諧閣錘訪謹繚價燉嚢繽鑑郵誼瓏臟輔錢謙猟偵銅濶褻蔘癆謐遷舘筬擲鍜緯穢絞鐇繕搾靄瞼",
    "target_characters": "开风跑为达别迟这伙么们吧现话还刚谢难两说样吗让妈诉对扯你闹扭远脸见进罗伦萨时顾喂办啊爸饭举嗯发呜紧种乐钱业绩仅呢她帮过单纯关顶亲许视敌绝拼护忆躲变虽处糕态门续每谓实际胁经连伤级摆围间师观员险调查场兴鲁酱唉哪娇咦热丝桌份换闲踹闯罢马沟毕赏狈瞧总备错觉边应贵结嘿传离馆较线晕确摇头脑驱砰诅润满盯绪呃释东颊灵类惫哎吓储骚动扔垃圾纸义终证轻组细苍齐询问颤强势训浑软张纤贴扑怀绸扫碰逛识渐沉击飘园腻踢挥赛诶题讨厌宁饱长叹记库娅懂闭针执环扰叼烦废咕噜论谁步汇欢简诱导队倾尝试败历战协则习专壶给适嘞哐哼哒啦闻负责预轮霉饿吵牵显闪带仿拖咚响书趋复杂图谈认拥亏获睁术补选择团异劲啪讲课阅评顿阳泻朵积摔误隐约—厉斩钉铁该滚飞忧忡缓荡丽咙呦寻杀语烁资涩尴尬撑绕踮疯疗值顺搞报务趟继恼运竖叠请仓够转钢岛喽瞪诡衅嗨恶兽红笔挡权坚领吞惊讶抚撅偷窥饰页纪赢奖胜跃绳绑踩练愤搂奋输费词键项邻捡绊砸嗖极跄迈产载懒刘嘈读嘻车标剧腾临递须质阂审喏捂节忪拽规噗优阵晚议暂录电计孽缘钝胧扩绵颈圆眯压涤贯咔嗒哟划浇虑傻渴违爱铃闷饼惯躺买您揭晓购阴毁剑详诚恳喔灭户钻归纠烂呛缚锁链钥帅奶岁构畅创测贬涂尔笼旷劳镇祸裤丢咖啡惩罚骄绿启另辆稳拄蓝耸监摄戏厅绘爷搅觑药军颜银盘诺丧鲜扳营摊验聪设谎缠洁嘀唤驳痹炽袭塌雾辩蹭遗贸喻严肃虾赚缩厕澜扬众庞赐频减蚀丰坠诞职嚣溃齿咪锐层肠瘫喷华啵呲饥啧夹夺龟肤彻嘟纳躏烫玷污挣唧挠缝眨舔胀渗丛块挖弹拨揪啃净脏颗呐维谱轰尘损眶谬济庙树笃钟帐怂驰坝赖货骗凑赌签财伪阱瞄艺耍绒·陈捆捞鱼乌鸟烧脖逻纲墙帘陡颅垒额啰嗦汉骑拦鸣哗赘唬叽胳衬卫栏擞棵宽皱顽囔龙屉脐咻卡晾锅煲邋遢辈铺镜伟嘎础谅诿濒婴吱络柜渍赞蜡剂灿颇嗓辉编鲸赋膛袜垮飕歧琐卖碟讪竞统玑咧诊翘秃氨呤饶挤搀苏瞌涨汹缴椭撬趴窝睽销纹绷诀窍揍联抢检骂驹驴盹阶瞒凿搪瘦搁俏缰汤撇侧枪织鸦拧账呸憋涟漪撂荣饮咱绽蹦偿偎侣鸽码揽漩涡综懑轿蹬刨螃绰啸谋玛养龄硕牺缪溅悬冻滥灾栋坍嚎纵焰驾驶铭滨亚兰浓艰轨纷轴颠愣攥痉挛樱挪赎滩贝卢甩锋骤哑冈妮宠慑啥阐衔垫贡仪蕴桥萤拎萝惬咿嗡妇艳忐忑辙扒嚓译圣诫劝跺撸舀筷烤跤盐泽啤荫栅攒岂讽鲷乡喵鸡搐荞矿篮啷捣肿灶酿喱饪掐踱钧肾陆穷鸿鬃嗝诸狱骇娓呗剁沦卧哧拟俩亿噩蜓侥涉锈谐阁锤访谨缭哏炖囊缤鉴邮谊珑坨辅瞟谦猎侦铜肮亵嘭唠谧迁瘆嘁掷钮纬秽绞糙缮榨霭睑"
  },
  "locale_emulator": {
    "enable": true,
    "codepage": 932,
    "locale": 1041,
    "charset": 128,
    "timezone": "Tokyo Standard Time",
    "wait_for_exit": false
  },
  "font_manager": {
    "enable": true,
    "resource_files": [
      "simhei.ttf"
    ],
    "spoof_enumeration": {
      "enable": false,
      "filter_pitch_and_family": 0,
      "filter_charset": 1,
      "spoof_charset": 128
    },
    "spoof_creation": {
      "enable": true,
      "override_face": "黑体",
      "override_charset": 134
    }
  }
}
