{
  "injector": {
    "enable": true,
    "print_loaded_modules": false
  },
  "allocate_console": false,
  "tunnel_decoder": {
    "enable": false,
    "mapping": ""
  },
  "character_substitution": {
    "enable": true,
    "source_characters": "這場長戰終極喚話語樣結龜説為悪間実現瑤満傷錯愛約経撃敗鉤業絶焼毀種徹釈獲護顕対諷運焔佇動雖擁強襲凜殺僅侶須挙讓離連還緊緞帯呑羅該們霊吶熾獄躪総渦覚帰賦義歴歳髪懐鄰桜変見毎顔陽麗摯応処竄聖瘋遠東滅論誰過戯鰛鮮飢餓獸憶熱紅蓮倣類鬘議鈴軽時穏歩麼邊驗覩導堯槇嗚遙識邏輯嘗試開購鼕選擇鶺齧転島両漸問題齢別謹級園関歓討厭費遷遺電鵤騰匯鴿鎬鳰鶫設備響確難則請計誤鼡伝齡慮剛鷏臉鐔謂闊許郷嶄産興繞較規細簾記異―邁補娯楽嶼車閑訪読親樹環維適復鰄勁順齒紗頓麥頭務給鮠鵙鵈諒達謝単倆鵐進煩鬧紐嘆暫擾絋違罷訴認麭続晩談責緒偽職謎衆訓師監視線狢撲驚訝攅畢夥額銭羈絆縁頻郵悩閉門爾傾婦養誨領顧棟並鯔齣虧飄慶隠報揮継糾纏飯買簡輪圖皷鰈預劇験飛勢渋頬脳鐘貼閇嬌憤鷽麩帥鬥騙負詞皺劃紹紀鹹臨渇鼈賠積餘憂憊執勝課馬竜奮鶯講鋭尋張掃員換悶騒揺點鉋囲頼縛媽構豐夾偸鎖斬際溌隣喩陣鰾鱚篭聯飾団標償躱喪態誠擺筆歛霧調剣鼇鳧絲淨損傭犠習慣険鮹節鰆齊頂譜駲鵺輳寧減蕩術爛闢鮴綾雑栄宮輩詐譴籃潤権幇優練懶魯搶猟貶誘純圧質創聞績謙銜鋼鵞鰤弾暢華鍵魚戸朶観漲堅舗銀遅鞴嘖嚇窺諍評鰮奨澆膩湊牆躡縮風鈍繃詢緩蕚妬瞞誇貴奪贖敵閃賛揚貨審脇牽針鋒槍証聡贏誡値釁龍膚詭鷆組隊輸巓殱統鉄驫蘊暁顫畳層礎藝儀厖蝕啓誕懾擲賭鉱顆斉輝偉詩靆蘇倫墜厳寛軟醤蘰窮綴尢逓參掲蔟訣紳賽誼絵顛訂鰰塊湯裃黨閧薩瑪諾袙測圓瑩倹庁髞査鏡鶇諜衵櫃襯専豈粧罵鴃蘿錘矯飃謬黴蔕菫藍貫釿噴拡懲罰揀綿鞦擣鱆鎮狽資錚鯆憫鐙頑瀕麌協潰痺肬饒鑿餔遜項駕塵貪頌臓饐綜軌絢編織蹌閘鰡鈎綻駆鶸輔靭鈑競汚窩嚢鹽書幟爺閙轢轟賞紙載納鱶譚唖鱇馳騁颪懸瀉嘯側軍膠筬貿諸銘髮鍼録鑒燼攬囂禍鳴兌躍霑廃鰺爍蝋燭穢災蒼鵁竰燉煉麁膰財嶺濁驃鳥駁轍鑚検冊燦擠粛氈潔軣療僥馭誦紛嗇飽髱哢讌瑣衛闖撫鞜朧酘勧齋鯣陰擱渾辯翹竅錢鶏釐醫詳鞨農売鋺馼頗摂営茘儲顯鶤緑採灘盤鷁階縄貧餽趨溝輾懃鯰謀訊烏櫓寵貎鰊鬚顳洶厠暈艶撓壇歯獅傘隨閲蝪襍靦鍛栲嘩鯲轎輌濃靜鏝飲觸蹠驕痩閨雛窪嘔賜鞆薬鑢擬蝨蠏牋餌労絞諭慚紋馴鵯顏誂銹淪詮繝倶鱗詛繊鶲輛隴凍蕣渉絡蔭謌苙蓚撥簽鬨壷蘂錦墾鏥欽鐺謡銷臥賺谺滾筍餡鮓貸銛聳艱蕋鍄賎塗鴉騎鵄縫頚钁勲鎌錨鎧滲癲銅鑰鬪裝聾驟濺塁籌漢釖荊贅霤濘訌鰕撹餅鐶釘鴾館漬鐇鍋檸鰌漣豼鄭貭蛻脹篤騷綢繆獰豬唄鷄蕪債贐碼縹緲橋鑽慫慂懇喬謾扱髣訥叢虜攤發鞁隕嬰茣髢鏈賍劉烱飼遶儼糘矚綱跼腫荵濶緝剤廂諱鴒謐乕躰僂齏澤梱鈞礫縦蹐暉錺頽阨靫駮駛竪聲掻鈕筴莇瘡軸譟餒鎹陸辮觧億腸陳済貮蛯籏蹣瀟濫貢袗饋贈黐欖懴薐檻覧曖陦竢贋頸亜搾賢",
    "target_characters": "这场长战终极唤话语样结吗说为恶间实现她满伤错爱约经击败够业绝烧毁种彻释获护显对讽运焰伫动虽拥强袭你杀仅侣须举让离连还紧缎带吞罗该们灵呐炽狱躏总涡觉归赋义历岁发怀另樱变见每颜阳丽挚应处窜圣疯远东灭论谁过戏耍鲜饥饿兽忆热红莲仿类孽议铃轻时稳步么边嘟囔导啊吧呜呢识逻辑尝试开购啦选择嗯哪转岛两渐问题龄别谨级园关欢讨厌费迁遗电唉腾汇鸽搞砸喂设备响确难则请计误您传办虑刚丢脸呃谓阔许乡崭产兴绕较规细帘记异—迈补娱乐屿车闲访读亲树环维适复棵劲顺份纱顿丫头务给啪扔盼谅达谢单俩吵进烦闹扭叹暂扰逛违罢诉认碰续晚谈责绪伪职谜众训师监视线诶扑惊讶攒毕伙额钱羁绊缘频邮恼闭门尔倾妇养诲领顾栋拼咦沉亏飘庆隐报挥继纠缠饭买简轮图懂砰预剧验飞势涩颊脑钟贴讪娇愤哼傻帅诈骗负词皱划绍纪嘿临渴桌赔积拎忧惫执胜课马龙奋哎讲锐寻张扫员换闷骚摇爸跑围赖缚妈构丰夹偷锁斩际泼邻喻阵尴尬笼联饰团标偿躲丧态诚摆笔敛雾调剑厉谎丝净损佣牺习惯险撇节啥咱顶谱咧盯揍宁减荡术烂呛挪绫杂荣宫辈眨谴篮润权帮优练懒鲁抢猎贬诱纯压质创闻绩谦衔钢撑哟弹畅华键鱼户朵观涨坚铺银迟瘾啧吓窥睁评喔奖浇腻凑墙蹑缩风钝绷询缓阂妒瞒垮贵夺赎敌闪赞扬货审胁牵针锋枪证聪赢诫值衅咙肤诡瞪组队输巅歼统铁垫蕴晓颤叠层础艺仪庞蚀启诞慑掷赌矿颗齐辉伟诗娓苏伦坠严宽软酱喏穷缀鱿递掺揭诌诀绅赛谊绘颠订糕块汤卡奶憋萨玛诺帕测圆莹俭厅膛查镜嘻谍咻柜衬专岂妆骂愣萝锤矫蹦谬霉璀璨蓝贯嗒喷扩惩罚捡绵渲捣绑镇狈资挣趴悯蹬顽濒挡协溃痹蹩饶凿阱逊项驾尘贪颂脏瞄综轨绚编织跄闸咕钩绽驱扯辅韧扳竞污窝囊拖书帜爷喽啰轰赏纸载纳嚷谭哑甩驰骋觑悬泻啸侧军胶嘁贸诸铭咚萦录漩烬拦嚣祸鸣兑跃玷废账烁蜡烛秽灾苍咖喱炖炼躺咂财岭浊镖鸟驳辙钻检呣灿挤肃毡洁嗨疗侥驭诵纷啬饱烫咔嚓琐卫闯抚橱胧缰劝噘胳阴搁浑辩翘窍瞟鸡疙瘩详嘎农卖蹭眶颇摄营摞储嗦砍绿踩滩盘裤阶绳贫捂趋沟辗嘞俏谋讯乌噜宠喵趟碟噢汹厕晕艳挠坛齿狮伞跺阅刨嘀腼锻烤哗咪轿辆浓噗碳饮叼搐骄瘦闺雏挖呕赐瘫药叽拟哒犷儆饵劳绞谕惭纹驯怔噩掰锈沦诠锏俱鳞诅纤摔跤拢冻翱涉络荫馋噔盹拨签吱壶瞌锦啃抿钦铛谣销卧赚晾滚罄馅眯贷哧耸艰咿喳贱涂鸦骑歧缝颈氧勋镰锚铠渗癫铜钥桩媲聋骤溅垒筹汉偎荆赘揽泞讧塌搅饼佬钉啡馆渍糙锅拧嗓涟漪郑嗖蜕胀笃拣绸缪狞弈呗踢芜债妩码缥缈桥婶怂恿恳瞧谩搪筷讷丛虏摊颌舔陨婴獠嗡链赃刘啵饲愫俨噙瞩纲攥肿舀肮缉剂厢讳脖谧啕坝搂齑泽捆钧砾纵胭晖簌颓铲茬揪驶竖忪搔纽呲磷疮轴缜馁铐陆辫撬亿肠陈济咝嗬跆蹒潇滥贡熠馈赠爹榄忏棱槛览暧蚂蚱赝嚎亚榨贤"
  },
  "locale_emulator": {
    "enable": true,
    "codepage": 932,
    "locale": 1041,
    "charset": 128,
    "timezone": "Tokyo Standard Time",
    "wait_for_exit": false
  },
  "font_manager": {
    "enable": true,
    "resource_files": [
      "WenQuanYi.ttf"
    ],
    "spoof_enumeration": {
      "enable": false,
      "filter_pitch_and_family": 0,
      "filter_charset": 1,
      "spoof_charset": 128
    },
    "spoof_creation": {
      "enable": true,
      "override_face": "WenQuanYi Micro Hei",
      "override_charset": 134
    }
  }
}