{
  "injector": {
    "enable": true,
    "print_loaded_modules": false
  },
  "allocate_console": false,
  "tunnel_decoder": {
    "enable": false,
    "mapping": ""
  },
  "character_substitution": {
    "enable": true,
    "source_characters": "験選擇請続問見愛麗絲絵動堯該麼齡遙総確認槇陸鶺過慮現結師対員綜実這樣還凜紅計説話開変畢園馬項時関題髪別順進們両謝牽龜雛瑤響預備鈴絶鼕種―応親級鵐熱鬧鉤闢給貧難厳討厭栄団隊許為穏讓覚鷏臉経車違規頭鳰樹錯検査鶯簡視線門華輌轎駛紛強囲緊張績業鷽嗚紙齣劇場鐔邊鰡櫓鵺狢齧軽鎬習慣処醤聞壷東帯粛優奨鏡閃皷雖標簽煩層類長遅遠評満調読顕寛闊聳観護擁設鵤歓幇間飯虧夥滲罷鄰補悪歳湯値薬嚇顧連鶇暫麭輪鶫鼡鹹試筆記詞鰛頼剛鈍喬勢圧誰臨語伝輸敵敗駲庁凍朶淨細閉戰毎鯔訴賛齒寵義訓皺継終脳紀則偸傷禍腫晩鼈擺識軟鉋歩態単慶換議運渾転臓弾邁倣湊撲擠靜攬溝騙圓潤爾厠離詐駁贏純輳躱誤飛塊紐頓牆襲挙麌執閑鐘鰊並喪鳧麩鰆鮠絆黨課講驗覩楽喩鼇電揺喚揚復餽鍋阨烱極揮憶較務髱騰倫懐節輯嘖嘗風適組論鵄須興輩謂獲勝聖誕陣詳紹倉庫緕環積陽麁鋺窩費闖貴職責養書縁頬鵙訪談報鶴圖倆異労勁啓鰌糾掃懃呑黴諒遺斬釘鉄額釿嬌搶賢創尋営奪鍵僅嘆詢漸艱贐煥驚訝撫鰮噴貼頂譜斉協達済荅誘針撃専悩烏竜脹慚賜貨産呉奮裃龍罰売買資謙唄蹠諱鞨飾財億憂銭緩鷆緒漲衆術煉衛懶軍渋統負霊鍜逓劃導擾約監釈雑鯣齢贖鶏蒼爛攤矯帥徹澆滅飲側鰾鱚歯険懲誠懇舗籃躍飽鯆鮓栲諍饒領獄翹戯囂豐遜飄竪嘩鰈苳漿災遷詛夾哢讌塩謎餓憊貞賓鰰纏鋭盤藝測堅匯襾摂聯閨鱶濺魯膰鱇癆膩維窺鷁顔潔撓顆焔鯰傾厖殺麥爺賭衵轟顳獎構膚婦療籠顫編織羈駆陰縮罵鵯質誦戸貫壇渉毀隠塗償蘿參鶸錚鑢苺際銀傘頁歴暈貎縛釐醫鍄証紳豈鳴謀賽鹽録驫穎滾潰焼亜絡輔諷練拡濃聾蘰繞祕館詭暢妬酘減鏈簾搾銷鮮礎鬚誇鳥鴃綿撹鬨墾軣軌帰熾悶飢邏頑儲縫鶲貶絨臥燦髞襍齊塵鮨鮗鑚駮藍狽疂噛駱駝剤蝋槍譏廃擱鰤碼権覧撥騒歛勧諌唖繊濶蕩畊侶饐慫冊謬髮羅綴撈納瘋綽燉鞆鵞馳購洶陳櫃谺蝿媽階瀟鑰訂髣餅郷瞞桜偽籌閇綻鰄鉛飃謡鵁鴾辯鰒儀觸絋鶤襯軸嚶筥憤閲墜採窮贅鑪轍競禿蘇頌崗閧閙諾騎魚窪鍛釁饋載諮誌貪躡廂縄燭點蔭賞萓鞁澤鴉艚飆損諧貭鱆鮴蛻蘭鯵鯛癩霧訣紋瀏顛痺蕋篭獸餔蝨痩鮖揀鞐謹爍鰕擬鴒蝕鷄贈髢鳫偉雜馴苙幟渇幣攅轢顯竅誡掲聡宮艶輝賦鋒頚寧靭絞驃盞驟繆閖釀驕繽輾轄隕鎖緑鞴汚諡鬥猟篩蘊畳鏥賎慂鈩鉐銛鈞驤鐇濾輛貝暁驛吶馼粧贋檻钁鎮塋錢賠鏝茖擣蘂審脇銘淪瑣鎹懸嫻頻釖鉗亀巓證竄鑿繃賺鈎僂鱧摯叢荊鬘鄭詩謐鍼鮹釟鵝諜霑扱篤蝦朧辮騷痙攣罧瀉鮑墳袙銜褻靦蕚錘繹絢渦溌僥檸襠裝偵腸尢鳶蝸栫鯲剣刪瞼滌詣橋診鉱鬢邉陦蟻姉穢阯喞諠譌靉鰺廏倶颯嬰筴羇隴駕馭憫濁珎諳紮嘔萬繚農佇貍鑞縺竰鮭顏嚢閣棟逹鋼譖瑩艨荵蹌艸債膵嶄貸膠綫蟷瀕踈縦貿臍踴郵鎔梱猯漢漬閥鬪貢塁繭躰霤薐隣蠍憚鰉簍犠襪帳薩娯肬茲趨鏗鏘腎曖鈿蠱觧鑒",
    "target_characters": "验选择请续问见爱丽丝绘动啊该么办呢总确认吧陆嗯过虑现结师对员综实这样还你红计说话开变毕园马项时关题发别顺进们两谢牵吗雏她响预备铃绝啦种—应亲级吵热闹够呛给贫难严讨厌荣团队许为稳让觉丢脸经车违规头砸树错检查哎简视线门华辆轿驶纷强围紧张绩业哼呜纸沉剧场呃边咕噜盯诶哪轻搞习惯处酱闻壶东带肃优奖镜闪懂虽标签烦层类长迟远评满调读显宽阔耸观护拥设唉欢帮间饭亏伙渗罢另补恶岁汤值药吓顾连嘻暂碰轮喂您嘿试笔记词耍赖刚钝瞧势压谁临语传输敌败咧厅冻朵净细闭战每咦诉赞份宠义训皱继终脑纪则偷伤祸肿晚桌摆识软跑步态单庆换议运浑转脏弹迈仿凑扑挤噗拦沟骗圆润尔厕离眨驳赢纯揍躲误飞块扭顿墙袭举挡执闲钟趟拼丧谎傻啥啪绊奶课讲嘟囔乐喻厉电摇唤扬复捂锅铲啵极挥忆较务烫腾伦怀节辑啧尝风适组论歧须兴辈谓获胜圣诞阵详绍仓库潢环积阳躺蹭窝费闯贵职责养书缘颊扔访谈报鹤图俩异劳劲启嗓纠扫嘞吞霉谅遗斩钉铁额嗒娇抢贤创寻营夺键仅叹询渐艰妩焕惊讶抚喔喷贴顶谱齐协达济唰诱针击专恼乌龙胀惭赐货产吴奋卡咙罚卖买资谦呗搐讳嘎饰财亿忧钱缓瞪绪涨众术炼卫懒军涩统负灵钮递划导扰约监释杂胳龄赎鸡苍烂摊矫帅彻浇灭饮侧尴尬齿险惩诚恳铺篮跃饱趴眯烤睁饶领狱翘戏嚣丰逊飘竖哗砰蛀浆灾迁诅夹咔嚓盐谜饿惫贞宾糕缠锐盘艺测坚汇撅摄联闺嚷溅鲁咂甩唠腻维窥裤颜洁挠颗焰俏倾庞杀丫爷赌咻轰噢嘈构肤妇疗诿颤编织羁驱阴缩骂怔质诵户贯坛涉毁隐涂偿萝掺扯挣叽呦际银伞页历晕喵缚疙瘩喳证绅岂鸣谋赛拖录垫颖滚溃烧亚络辅讽练扩浓聋喏绕哔馆诡畅妒缰减链帘榨销鲜础碟垮鸟愣绵搅吱啃嗨轨归炽闷饥逻顽储缝摔贬绒卧灿膛嘀咱尘垃圾钻揪蓝狈怼啮骆驼剂蜡枪讥废搁哟码权览拨骚敛劝谏哑纤肮荡犟侣瞄怂呣谬咚罗缀捞纳疯绰炖瘫撑驰购汹陈柜晾蝇妈阶潇钥订筷饼乡瞒樱伪筹讪绽棵铅蹦谣咖啡辩磕仪叼逛砍衬轴嘤嗝愤阅坠踩穷赘踹辙竞秃苏颂岗憋喽诺骑鱼挖锻衅馈载蝾螈贪蹑厢绳烛爸荫赏擞舔泽鸦磺飙损谐嗖绑挪蜕兰鲶鲷癞雾诀纹浏颠痹咿笼兽阱哒瘦凳捡掐谨烁塌拟脖蚀踢赠嗡玫伟唬驯噔帜渴币攒啰嗦窍诫揭聪宫艳辉赋锋颈宁韧绞镖盏骤缪飕酿骄缤辗辖陨锁绿瘾污涣诈猎筛蕴叠抿贱恿哆刁哧钧镶糙滤跤贝晓烘呐眶妆赝槛氧镇荧瞟赔碳噼捣瞌审胁铭沦琐铐悬娴频偎钳龟巅惬窜凿绷赚钩搂煞挚丛荆孽郑诗谧萦撇扒鹅谍玷搪笃虾胧辫拣痉挛泵泻鲍坟帕衔亵腼阂锤绎绚涡泼侥拧裆媲侦肠鱿鸢蜗猕咪剑删睑涤诣桥诊矿鬓烩蚂蚁姊秽屉唧忐忑呸账嘬俱飒婴呲挲拢驾驭悯浊撸谙钙呕腌缭农伫洼邋遢喱鲑噩囊阁栋捅钢懵莹噶舀跄怵债蟑崭贷胶饪柠濒惦纵贸脐镯邮坷捆蔫汉渍阀桩贡垒茧坝揽棱邻斓惮媳篓牺袜帐萨娱蹩兹趋铿锵肾暧踮蛊撬漩"
  },
  "locale_emulator": {
    "enable": true,
    "codepage": 932,
    "locale": 1041,
    "charset": 128,
    "timezone": "Tokyo Standard Time",
    "wait_for_exit": false
  },
  "font_manager": {
    "enable": true,
    "resource_files": [
      "simhei.ttf"
    ],
    "spoof_enumeration": {
      "enable": false,
      "filter_pitch_and_family": 0,
      "filter_charset": 1,
      "spoof_charset": 128
    },
    "spoof_creation": {
      "enable": true,
      "override_face": "simhei",
      "override_charset": 134
    }
  }
}