{
  "injector": {
    "enable": true,
    "print_loaded_modules": false
  },
  "allocate_console": false,
  "character_substitution": {
    "enable": true,
    "source_characters": "課計劃選擇緊給槇絶対問題憂軽請関樣話這瑤経絲満専総齡驃麼僅鶺討厭種龜該応遙説堯談簡単殻損凜倣釖訴別値認開細顫髪過畢讓現業鶫還剛難為導師責慶狢変観鷏煩夥鶯鞐興們両麁時間軟鞆続腸嗚髱髮―達帯絞記毎齣淪臉堅強鵞嬌処鰡愛減動臓覚痙攣潤潰緩錯陰論擠圧東進呑鰈識拡張誘態鉤揺頭歓奪傷濃櫓濁鐔釈夾縮劇渇鳰擺門継極熱調鼇頂躪麗納貫鑰驟繊陣蹠漸転撹撃輸邊語鄰紐獲喚蕩貪圓復顕遠擁渾終饒瘋廃飯窪滾驚訝奮奨膩釟諒風鵺実囈熾視鋺執纏繞鞁鎖鴒頚離烱嘖貼頬紅閃爍麭確撫鮓楽齒鼡謝挙幇鰾鱚雖許懐誰蓚歴嘆長掃負報領結順見証暢慮級試詞搶並伝滲霊環顧閉匯備鹹適敗異齧諾義尋園務連節類悪盤嘗塊靉設澤藝親掲鰤桜擾歩驕誤産書療悩習慣鼈餓翹舗雑載謂斉籌喬鷽須戯轟頁創馬鴃庁暫標殺嘩黌囲維護権筆畳皺紋響諡約喞亀側宮湊則渋閙蕋職艱錚皷竅費鯆賦亜訓練臨聯懲罰験勧懇換頓氈勢戸勝聡哢讌騙検鞨線鶸鷁徹項墾腫袮暈運鋭鑚議針鍛煉鶇絵鯲擣贈貴霑汚塗売厳襲鮮圖偸鮴紙戰隠潔膚勁驗覩鐘鑞縺襾協槍噴脳頽懶鹽質魚虧監揮歳銭紗鰺鰰鍋壷湯貝爾窺鬚飲逓襪労鮠録蝕搾遜鷭織濺縁撓華繃歯釿飾朶違階鶏媽荵飽診臍規額諱釁飢統郵賀遺鷹鬧騰敵餔齢晩聖資鈴憶嘔場餽鏡侶贏栲賽険喪預遅鈍聳斬烏衆嚇辯術財飄誕膵澆測駆剤檳読頼鼕衛撲闖淨鉋駈贐団髣塵櫃驫聞積購賛隊鵤縫閑誇臥縛鎬貭養優絅轢顯譜燉綫醤趨貶粛績際懸飃臘燦爛嶄員顔蘊樹穏黨鱆賓憊営袙鵁鴾館緑焼瑪髞銷倉庫講漲評筍補饋軍妬査傾瀉電巓軣鰛鵐頑鰆喩罵攤猟蘰靜膓鐇獸綿吶緒陽鰕襍銛釘鳧洶層荅輪鍠騒償採窩棟紛迚諧悶閣鵈帰瑣鬨穎絋較偵銘爺鶲訂綴糾瞞瀾闊礎餃鉄軒組薬霧脹轎構餡鑢訪傭溝審競蘇饐啓邁軌麩顆鏥鵙躱牆銀厠紀純詢渉詳篭鉅粡誠鯔車薩蟷駕駛蘂飛帥點穢弾朧錺憫鈕龍襯錮劉裃栄釐醫蝨麌魯貧痺跼買鷄縦褻鏈躍罷贖諍倆濶賊毀貎頻隨憤滅寵筴竜珎鰮曖逹瑩碼撥輩豐鵄隴膠鐡鱇掻顏祕騎鑒渦擱懃賞厖鞴嚢艶竪漿綻閧蒼蹣揀攅牽漬呉楓塋貨賠叢寛橋輌瀝嘯・郷膰鑵昿謡鳴誡獎簽揚馴鳥雛鳳鴨鵝寧檸謀淺鐶澀漢摂筥蹌絡鬪賭詐顛廚凱黴煥賢碩繼閇襠偽済窮懴駁縄觧崗輛刪鍜鮨鮗鋒頸鷆濫苙霤瀕擬鍵簾謹餒粧艦鈿萓髢攬矯囂編谺姉茲獅謙羈絆瓸儀蘿閏闍驛誨辮塩羇倫鈞隣鰄鶩繹甎滌籃詭狽儲賜衵陦蟻靭倶檻訊鎮墜懾漣豼钁藍頗濾鶤銜諷綜蛍矚紳瀏覧貢錘剣溌顎馼賻鮟儂疳蘭阨箋綉陳災莢誼乕瞼駭闢縅雜絨鉱廂軸偉讒痩颪纖蔘駲皰錏梛鰌獨麥薐鯰娯謬蝪孫謎諠譌閖輔踈鋼蕚綢唖錢廏廟婦錵癆嫻鱶禍蔔鈎謐詩幣顱鯨饅嚶鱗蓮蝦鋸崙鴉觸蝸阯貞羅駐焔餅鯣銹灘農閲訣傘緋脇鰹絢壟體疂駮竰縷赱躊撈閥險鰊諸紹綾凍篤獺墳擲聾欽鶴蔭匱巣證邉鮖壇嫋鍼鱸鮹慫暁獄欄貍諺燼紵鮭誦餤鐺邏輯蝋燭鐙鑿竢湶訳參瀟鳫緤齊馳騁犠扱謾輝餌冊鞏賎躰韋陸鴿鉈髏綽盪謌鬥",
    "target_characters": "课计划选择紧给吧绝对问题忧轻请关样话这她经丝满专总办镖么仅嗯讨厌种吗该应呢说啊谈简单壳损你仿偎诉别值认开细颤发过毕让现业喂还刚难为导师责庆诶变观丢烦伙哎掐兴们两躺时间软瘫续肠呜烫咚—达带绞记每沉沦脸坚强撑娇处咕爱减动脏觉痉挛润溃缓错阴论挤压东进吞砰识扩张诱态够摇头欢夺伤浓噜浊呃释夹缩剧渴砸摆门继极热调厉顶躏丽纳贯钥骤纤阵搐渐转搅击输边语另扭获唤荡贪圆复显远拥浑终饶疯废饭挖滚惊讶奋奖腻扒谅风盯实呓炽视蹭执缠绕舔锁脖颈离啵啧贴颊红闪烁碰确抚眯乐份您谢举帮尴尬虽许怀谁盹历叹长扫负报领结顺见证畅虑级试词抢拼传渗灵环顾闭汇备嘿适败异哪诺义寻园务连节类恶盘尝块呸设泽艺亲揭哟樱扰步骄误产书疗恼习惯桌饿翘铺杂载谓齐筹瞧哼须戏轰页创马愣厅暂标杀哗妮围维护权笔叠皱纹响涣约唧龟侧宫凑则涩喽咿职艰挣懂窍费趴赋亚训练临联惩罚验劝恳换顿毡势户胜聪咔嚓骗检嘎线扯裤彻项啃肿蘸晕运锐钻议针锻炼嘻绘咪捣赠贵玷污涂卖严袭鲜图偷挪纸战隐洁肤劲嘟囔钟邋遢撅协枪喷脑颓懒拖质鱼亏监挥岁钱纱账糕锅壶汤贝尔窥碟饮递袜劳啪录蚀榨逊姬织溅缘挠华绷齿嗒饰朵违阶鸡妈舀饱诊脐规额讳衅饥统邮贺遗鹰闹腾敌阱龄晚圣资铃忆呕场捂镜侣赢烤赛险丧预迟钝耸斩乌众吓辩术财飘诞蟑浇测驱剂槟读赖啦卫扑闯净跑瘙妩团筷尘柜垫闻积购赞队唉缝闲垮卧缚搞嗖养优纫啰嗦谱炖饪酱趋贬肃绩际悬蹦腊灿烂崭员颜蕴树稳奶绑宾惫营帕咖啡馆绿烧玛膛销仓库讲涨评罄补馈军妒查倾泻电巅嗨耍吵顽啥喻骂摊猎喏噗糗糙兽绵呐绪阳塌嘀哧钉谎汹层唰轮嗳骚偿踩窝栋纷睽谐闷阁盼归琐吱颖逛较侦铭爷摔订缀纠瞒澜阔础饺铁轩组药雾胀轿构馅叽访佣沟审竞苏瞄启迈轨傻颗抿扔躲墙银厕纪纯询涉详笼忡踽诚咦车萨柠驾驶瞌飞帅爸秽弹胧簌悯纽咙衬锢刘卡荣疙瘩哒挡鲁贫痹攥买踢纵亵链跃罢赎睁俩肮贼毁喵频跺愤灭宠呲龙撸喔暧捅莹码拨辈丰歧拢胶盎甩搔噩哔骑漩涡搁嘞赏庞瘾囊艳竖浆绽憋苍蹒捡攒牵渍吴枫荧货赔丛宽桥辆沥啸·乡咂缴旷谣鸣诫嘈签扬驯鸟雏凤鸭鹅宁拧谋洱佬嘣汉摄嗝跄络桩赌眨颠缇凯霉焕贤硕娆讪裆伪济穷忏驳绳撬岗跤删钮垃圾锋嚎瞪滥噔揽濒拟键帘谨馁妆舰踮擞嗡拦矫嚣编晾姊兹狮谦羁绊碜仪萝闰拽烘诲辫盐挲伦钧邻棵鹜绎砖涤篮诡狈储赐咻蚂蚁韧俱槛讯镇坠慑涟漪氧蓝颇滤砍衔讽综萤瞩绅浏览贡锤剑泼颚眶汩氨哝囤兰铲笺绣陈灾荚谊啕睑骇呛耷唬绒矿厢轴伟搀瘦觑赊嘭咧哐啷嚯嗓蜇丫棱俏娱谬刨孙谜忐忑飕辅惦钢阂绸哑瞟嘬庙妇掳唠娴嚷祸臊钩谧诗币颅鲸馒嘤鳞莲虾锯哞鸦叼蜗屉贞罗驻焰饼胳锈滩农阅诀伞绯胁鲣绚垄啤怼揪喱缕靶踌捞阀盔趟诸绍绫冻笃獭坟掷聋钦鹤荫匮巢惬烩凳坛袅萦鲈撇怂晓狱栏洼谚烬铝鲑诵摹铛逻辑蜡烛蹬凿蚱蜢译掺潇玫咣咱驰骋牺搪谩辉饵呣巩贱坝韦陆鸽骷髅绰烊馋诈",
    "remain": [
      "睺"
    ]
  },
  "locale_emulator": {
    "enable": true,
    "codepage": 932,
    "locale": 1041,
    "charset": 128,
    "timezone": "Tokyo Standard Time",
    "wait_for_exit": false
  },
  "font_manager": {
    "enable": true,
    "resource_files": [
      "simhei.ttf"
    ],
    "spoof_enumeration": {
      "enable": false,
      "filter_pitch_and_family": 0,
      "filter_charset": 1,
      "spoof_charset": 128
    },
    "spoof_creation": {
      "enable": true,
      "override_face": "黑体",
      "override_charset": 134
    }
  }
}
