{
  "injector": {
    "enable": true,
    "print_loaded_modules": false
  },
  "allocate_console": false,
  "tunnel_decoder": {
    "enable": false,
    "mapping": ""
  },
  "character_substitution": {
    "enable": true,
    "source_characters": "標簽対槇們龜霧説遙鶺堯讓鶇齣認這慣凜過狢樣話渉応該長職責開為識儲備実書還麼類鎮麭皷覚経験見頭較変細関戸鵤両鵐許雖鯔総時種師煩悩鶫―晩飯鼡騙剛鵺偸詢別鼕僅給議幇語請現髪傷嗚錯陽動帰鱇喚歩問調査継続毎豐適鐔歯鰛陰親懐場導嶺蘰貴黴運悪愛鷏題約連試環誰緊張鶯誤齧勁瑤絲諒処輩圧選擺訴濫権義務協預撲堅鬧鵙難積極傾統計確間歴歓単転夥絶緩滝園進麩鷹隠記鎬討厭領霊馬譜擇謂鷽靜東読趨勢強興雑鄰員齢詞購買顧臉牽顕軽聳顫頬閉紅額誘線紀輸戯態遠邊鰰銭節逓塊飾華麗順犠満詭異囲織釈労鮨鮗結門糾纏離吶伝淨談謝廃焼陣鍵慮鼇呑懶遅鈍奮鉋掲紗帥講憶畢負視終級閇擣険勝評鰆簡揚帯漸憊嚇穏揺紐牆報爾優組粧懃暫奨挙齡劃熱審鉤補館賽費夾値紙驚憂掃資鮠煥鷭栄論贏繞団復脇脳証・擾揀饒劇賛鹹噴専鏡売頂嬌厖圖暈並鎖鞁櫓撫臍擠飄嘗潤蕩瘋習膠鰡麁餽襲醤髞寛漲撃純遺鳧嘖塵換誠貪妬繃鞆軟滲膚貼鋺鴒撥劉奪漢飛勧練倆階荅殺執訝罷違際攤驗覩觧質窺魚鼈魴燉鮮揮蕎層郵頻舗録髮媽衆齒鵁竰戰頓搶観賞課鹽躱鋭猟達郷誕鴃産護獲敵輪饐競蘂騒損轢顯萬湯宮鍋餓厠罰遷釁虧訓溌風紛邏維島縮摂藝竜聞尢術鰤竄軍厳啓籃懲罵鯰規鶲鱆電編靭賦櫃鷄鵞檸鈑參聯納贈鈴訪鐘則喪検鯆餅哢讌鄭髱鴾採攬蘇庁裃療車苙懴軣鍛煉縫諍賓爛鶸側緒欄頼聡剣壇絆擁輛績駁靫鷁穃業懾唖嘆鉄潰盤鶤響倉庫濺袙閑棟貨蘿鈞萓楽寵筆絨測鵝紹儀衵湊簾釘潔針鸛鳥養賺徹設餔敗羅鰾鱚栲蟷襯濃壷悶訂谺綻斬礎貮閃弾絋汚漬鳰喩倣縛侶粛銷毀縁闖禍孫懇輯創貎閙謙駝濾絞點窩鑰縄謹黨膩詳尋駲燦項閲聖竏減篩瀾闊鯉臓甎陸釣隊穎須娯喬轟鳴亀觸樹驕貧蔭躍篭朶絢飽誼頒鰭賜載斉拡騎襍鬨寧韃飲龍渇販薬齷齪臥構災鋼臨鷆輳邁繊営贐鯣賭綿頚澤烏鴉詩蕁匯扱亜魯鉛薐錐圓滾轉逧嫻訳縦謎衛詐顏皺麌嘩鰊塩溝筥億翹鰮鶏鯨塗顔癆肭鴨獸駆鈎鮓頑餒滌剤紳窮釿鯲諧賠償訣鑞縺鏈贅碼噸窪鑚紋洶槍辮鏝焔錘詛畳渋擬釖闢瑣凍隕鰕墜桜熾鞨脹麕撹襾髣偵蘭繝憤頁鍜犢緑謡驫淪钁靉轍錢慶綴蠱瞞監歛矯鮭腸鱈鰉婦馼貝錚塋麥銀烱獄蝕痺靦鰈藍駮閧濁爍済諷蕚幣釀蝦叢滅僂囈蕋痙攣掻瀏覧誅鎌遜鐇陳銅鑼軌冊貫曖繼諾腫鏥艱綜蕪鈕鮴歳貞靱爺貶撓鵄鰻暢餌橋駛蝋燭釐醫誨懸霑瞼賀襠喞攅辯唄顳騰搾鈩債鋒渙釟虜赱顛顆膰鱧賁蛯貭訌牋迚渾鋸鉐銹鑽嶼廟鈿慚贖襪灘茣県輔驟猯竅綫瀕銘饅鞴餡茖蹠黌祕帳銛蝨鬪穢巓珎馳踐崗倫駕馭譴褻賄賂瀟鴿訊陦蟻賊鮹鑢鍄薩颪蝸傘偽閖鞐緞絵倶嚢禿賢幟財雛颯塁頸刪趙澆獅佇闍絡豈筬齊痩農摯銜蒼誇鯛兌貢廏筴瀬諠譌鰌鰺撈聲鎹鑑躰鵑飆莢竪籌艢藹誹謗嗇綽髢艶狽殻欖謐倹煙颶斎膵飼苺暉鍼鮖飃朧偉諸鳳鬥齦繽",
    "target_characters": "标签对吧们吗雾说呢嗯啊让嘻沉认这惯你过诶样话涉应该长职责开为识储备实书还么类镇碰懂觉经验见头较变细关户唉两吵许虽咦总时种师烦恼喂—晚饭您骗刚盯偷询别啦仅给议帮语请现发伤呜错阳动归甩唤步问调查继续每丰适呃齿耍阴亲怀场导岭喏贵霉运恶爱丢题约连试环谁紧张哎误哪劲她丝谅处辈压选摆诉滥权义务协预扑坚闹扔难积极倾统计确间历欢单转伙绝缓泷园进傻鹰隐记搞讨厌领灵马谱择谓哼噗东读趋势强兴杂另员龄词购买顾脸牵显轻耸颤颊闭红额诱线纪输戏态远边糕钱节递块饰华丽顺牺满诡异围织释劳垃圾结门纠缠离呐传净谈谢废烧阵键虑厉吞懒迟钝奋跑揭纱帅讲忆毕负视终级讪捣险胜评啥简扬带渐惫吓稳摇扭墙报尔优组妆嘞暂奖举办划热审够补馆赛费夹值纸惊忧扫资啪焕姬荣论赢绕团复胁脑证·扰捡饶剧赞嘿喷专镜卖顶娇庞图晕拼锁舔噜抚脐挤飘尝润荡疯习胶咕躺捂袭酱膛宽涨击纯遗谎啧尘换诚贪妒绷瘫软渗肤贴蹭脖拨刘夺汉飞劝练俩阶唰杀执讶罢违际摊嘟囔撬质窥鱼桌鲂炖鲜挥荞层邮频铺录咚妈众份咖喱战顿抢观赏课拖躲锐猎达乡诞愣产护获敌轮瞄竞瞌骚损啰嗦腌汤宫锅饿厕罚迁衅亏训泼风纷逻维岛缩摄艺龙闻鱿术哟窜军严启篮惩骂俏规摔绑电编韧赋柜踢撑拧扳掺联纳赠铃访钟则丧检趴饼咔嚓郑烫啡踩拦苏厅卡疗车噔忏嗨锻炼缝睁宾烂扯侧绪栏赖聪剑坛绊拥跤绩驳茬裤衩业慑哑叹铁溃盘砍响仓库溅帕闲栋货萝钧擞乐宠笔绒测鹅绍仪咻凑帘钉洁针鹳鸟养赚彻设阱败罗尴尬烤柠衬浓壶闷订晾绽斩础咝闪弹逛污渍砸喻仿缚侣肃销毁缘闯祸孙恳辑创喵喽谦驼滤绞爸窝钥绳谨奶腻详寻咧灿项阅圣堇减筛澜阔鲤脏砖陆钓队颖须娱瞧轰鸣龟叼树骄贫荫跃笼朵绚饱谊颁鳍赐载齐扩骑嘀吱宁鞑饮咙渴贩药龌龊卧构灾钢临瞪揍迈纤营妩胳赌绵颈泽乌鸦诗荨汇搪亚鲁铅棱锥圆滚乒乓娴译纵谜卫眨噩皱挡哗趟盐沟嗝亿翘喔鸡鲸涂颜唠蘑鸭兽驱钩眯顽馁涤剂绅穷嗒咪谐赔偿诀邋遢链赘码吨挖钻纹汹枪辫碳焰锤诅叠涩拟偎呛琐冻陨塌坠樱炽嘎胀乔搅撅筷侦兰锏愤页钮犊绿谣垫沦氧呸辙瞟庆缀蛊瞒监敛矫鲑肠鳕媳妇眶贝挣荧丫银啵狱蚀痹腼砰蓝揪憋浊烁济讽阂币酿虾丛灭搂呓咿痉挛搔浏览诛镰逊糙陈铜锣轨呣贯暧娆诺肿抿艰综芜纽挪岁贞疤爷贬挠歧鳗畅饵桥驶蜡烛疙瘩诲悬玷睑贺裆唧攒辩呗噢腾榨哆债锋痪扒虏靶颠颗咂煞贲嗬嗖讧儆睽浑锯刁锈婶屿庙踮惭赎袜滩獠县辅骤蔫窍饪濒铭馒瘾馅噼搐妮哔帐哧哒桩秽巅撸驰墩岗伦驾驭谴亵贿赂潇鸽讯蚂蚁贼撇叽喳萨觑蜗伞伪飕掐缎绘俱囊秃贤帜财雏飒垒嚎删赵浇狮伫拽络岂嘁咱瘦农挚衔苍垮鲷兑贡嘬呲濑忐忑嗓账捞忪铐鉴坝鹃飙荚竖筹镳蔼诽谤啬绰嗡艳狈壳榄谧俭焗飓斋蟑饲呦晖萦凳蹦胧伟诸凤诈龈缤",
    "remain": [
      "咵"
    ],
    "repeat": [
      "悪",
      "俵",
      "仮",
      "菓",
      "達",
      "愛",
      "勧",
      "・",
      "員",
      "竜",
      "穂",
      "誘"
    ]
  },
  "font_manager": {
    "enable": true,
    "resource_files": [
      "SIMLI.TTF"
    ],
    "spoof_enumeration": {
      "enable": false,
      "filter_pitch_and_family": 0,
      "filter_charset": 1,
      "spoof_charset": 128
    },
    "spoof_creation": {
      "enable": true,
      "override_face": "LiSu",
      "override_charset": 134
    }
  }
}