{
  "injector": {
    "enable": true,
    "print_loaded_modules": false
  },
  "allocate_console": false,
  "tunnel_decoder": {
    "enable": false,
    "mapping": ""
  },
  "character_substitution": {
    "enable": true,
    "source_characters": "標簽対槇們龜霧堯鶺讓煩・齣凜認這慣遙過鶇狢説樣鐔渉応該長処開鼕為種識実際書読麼類話鎮経験還見較細髪現関頭錯戸鵤両鵐覚雖責総時師悩鶫―備晩飯騙剛鵺義別僅給輩確議幇語鶯請傷嗚陽糾結動鱇歩悪問継続東豐適歯鰛陰貼懐場儀須嶺費黴簡運愛鷏題変約連試擾環緊張誰齧絲諒満圧選罷権濫職務協皷詳預瑤臉鬧熱帰論難積極統計飢渇間歓単勁転絶撃滝態歴進訴麩鷹鎬討厭聡霊馬譜鉤擇鷽園靜趨勢編興調査雑導員齢鰤購買顧偸軽驚縮顫頬圖閉鳧鈎額誘撲紀夥紅輸記鯔習遠倆暫齒鰰銭節誤逓飾華麗犠邊牽織順釈労劇鮨鮗門紐離伝顔鰡淨襍談謝廃焼鍵優慮鼇齡遅鈍執鉋帥憶囲敗畢負視線終級纏険贏評挙揚喚許団漸揺嚇穏蘰換牆報爾組頒奨強劃濶臓審補館賽夾値顕紙鵙徹掃資帯煥鷭戰勝復脇緒証揀饒麭賛懶噴瘋専鏡毎異緩蕩売嬌喞潤聳達暈並奮鎖荵親撫臍擠鵞飄嘗膠質凍鞁呑餽醤髞寛闊櫓唖巓純塵嘖誠渋鰾鱚貪妬繃縁鞆軟滲繞鷁膚鋺痺鴒撥劉奪鮹隠漢飛勧麁訂薬殺訝鰆栄違攤觧窺鼡魚鼈鱸燉鮮驕擺蕎遺層郵頻舗録髮媽貴鄰懃鵁竰頓搶賞課鹽鋭輪脳郷誕産護敵饐講蓚騒階損風轢顯観萬湯堅宮鍋餓諸厠訓罰釁匯虧罵鹹溌紛邏維島憂摂藝滾紋聞尢術冊嘆軍滅啓籃規隊領懲鶲翹霤衆贈鱆電靭櫃競練歳揮謂齊檸鈑參戯詞納鶏躱鈴訪鐘鯣喪餅哢讌渦塊鞜鄭喬髱採鰈獲庁竜閇裃聯療車懴毀軣則鍛煉縫諍賓鶸鈞爛側騰欄豈閑臨點剣壇絆擁輛膰績駁靫業懾闢潰鶤響倉庫袙棟衵寵頼詭萓楽賦靱筆絹悶測鵝紹撹鰊簾釘閙潔鸛鳥養賺盤設餔襲羅緑栲蟷襯鮠濃頂減壷斬礎綻閃弾鋒羇絋粧汚漬喩鳰倣縛侶厳粛闖禍孫貨輯貎謙創鳴駝濾絞鑰縄謹黨膩慶検尋絨朶項閲鯆聖瀾錦鯉甎釣穎娯斉陣麌轟亀艨鳳樹貧蔭霑鷄襌漲絢湊誼谺鰭賜載営拡簷鴃躍憊襠鰕騎鬨驗覩寧邁韃鉄飲龍販慫臥災鋼鷆蘿蘂囂繊針贐頚墜澤烏詩蕁亜魯鉛薐錐顆圓轉逧訳謎麕錚詐顏皺荅飽賊塩雜衛億償鯨癆肭鴨獸儲駲駆鮓燦譴頑錢渾餒滌剤苙蘇紳釿銷憫諧賠訣碼鏈噸窪鑚槍鏝焔錘詛畳熾擬謡釖隕桜襾髣謀偵構蘭繝遜誅憤頁篩鍜钁綴猟監歛鰮驫鮭腸竪烱鰉婦貝掲撓鞨朧竅塋窩傾爍銀銛獄聲蝕靦齋蝨藍艱竄諷偽貫瞞蕚麥幣賭賀蝦辯叢綿僂溝厖濁蹠痙攣塗謬瀏覧軌矚鎌嶼陳銅鑼矯馼塁濺珎脹攅繼誇腫鏥懇糘髢穢債窮諾吶擣陸貞褻爺貶茣鐇鵄鰻暢輳餌橋駛輌蝋燭釐醫摯緞懸誨攬瞼筥倫閧搾鯲鈩飃鯰渙鑞縺蠱瑣迚虜赱顛剰隴墾諭蛯訌牋鋸鉐鴉銹鑽紗絡廟輔鈿贖襪灘県詢綫瀕銘饅鞴鴾蕋誂祕済帳賢廏鬪馳駕洶踐崗撈馭鴿鳩飆訊陦蟻鑢鍄瑪薩颪瀟蝸傘絵鞐膸幟禿苺駮財蹌雛篭賎遷颯顳猯刪觸趙澆軸稲獅鱶縦燼筬痩輝農倶辮轍賣緋蒼鯛貢兌嗇瀬鰌鰺鈕鎹鑑儂楓躰綜鵑鈔轆捫莢籌艢誹謗曖諢阨廬綽鶴浹欖煙颶唄膵扱譖鍼掻鮖鮴鬥殻譽餡貭偉鷲箘嚶齦蠍銜",
    "target_characters": "标签对吧们吗雾啊嗯让烦·沉你认这惯呢过嘻诶说样呃涉应该长处开啦为种识实际书读么类话镇经验还见较细发现关头错户唉两吵觉虽责总时师恼喂—备晚饭骗刚盯义别仅给辈确议帮语哎请伤呜阳纠结动甩步恶问继续东丰适齿耍阴贴怀场仪须岭费霉简运爱丢题变约连试扰环紧张谁哪丝谅满压选罢权滥职务协懂详预她脸闹热归论难积极统计饥渴间欢单劲转绝击泷态历进诉傻鹰搞讨厌聪灵马谱够择哼园噗趋势编兴调查杂导员龄哟购买顾偷轻惊缩颤颊图闭谎钩额诱扑纪伙红输记咦习远俩暂份糕钱节误递饰华丽牺边牵织顺释劳剧垃圾门扭离传颜咕净嘀谈谢废烧键优虑厉办迟钝执跑帅忆围败毕负视线终级缠险赢评举扬唤许团渐摇吓稳喏换墙报尔组颁奖强划肮脏审补馆赛夹值显纸扔彻扫资带焕姬战胜复胁绪证捡饶碰赞懒喷疯专镜每异缓荡卖娇唧润耸达晕拼奋锁舀亲抚脐挤撑飘尝胶质冻舔吞捂酱膛宽阔噜哑巅纯尘啧诚涩尴尬贪妒绷缘瘫软渗绕裤肤蹭痹脖拨刘夺撇隐汉飞劝躺订药杀讶啥荣违摊撬窥您鱼桌鲈炖鲜骄摆荞遗层邮频铺录咚妈贵另嘞咖喱顿抢赏课拖锐轮脑乡诞产护敌瞄讲盹骚阶损风啰嗦观腌汤坚宫锅饿诸厕训罚衅汇亏骂嘿泼纷逻维岛忧摄艺滚纹闻鱿术呣叹军灭启篮规队领惩摔翘揽众赠绑电韧柜竞练岁挥谓咱拧扳掺戏词纳鸡躲铃访钟胳丧饼咔嚓涡块橱郑瞧烫踩砰获厅龙讪卡联疗车忏毁嗨则锻炼缝睁宾扯钧烂侧腾栏岂闲临爸剑坛绊拥跤咂绩驳茬业慑呛溃砍响仓库帕栋咻宠赖诡擞乐赋疤笔绢闷测鹅绍搅趟帘钉喽洁鹳鸟养赚盘设阱袭罗绿烤柠衬啪浓顶减壶斩础绽闪弹锋挲逛妆污渍喻砸仿缚侣严肃闯祸孙货辑喵谦创鸣驼滤绞钥绳谨奶腻庆检寻绒朵项阅趴圣澜锦鲤砖钓颖娱齐阵挡轰龟噶凤树贫荫玷踢诩涨绚凑谊晾鳍赐载营扩噱愣跃惫裆塌骑吱嘟囔宁迈鞑铁饮咙贩怂卧灾钢瞪萝瞌嚣纤针妩颈坠泽乌诗荨亚鲁铅棱锥颗圆乒乓译谜乔挣眨噩皱唰饱贼盐唬卫亿偿鲸唠蘑鸭兽储咧驱眯灿谴顽瞟浑馁涤剂噔苏绅嗒销悯谐赔诀码链吨挖钻枪碳焰锤诅叠炽拟谣偎陨樱撅筷谋侦构兰锏逊诛愤页筛钮氧缀猎监敛喔垫鲑肠竖啵媳妇贝揭挠嘎胧窍荧窝倾烁银哧狱忪蚀腼噘哒蓝艰窜讽伪贯瞒阂丫币赌贺虾辩丛绵搂沟庞浊搐痉挛涂谬浏览轨瞩镰屿陈铜锣矫眶垒溅撸胀攒娆垮肿抿恳噙嗡秽债穷诺呐捣陆贞亵爷贬獠糙歧鳗畅揍饵桥驶辆蜡烛疙瘩挚缎悬诲拦睑嗝伦憋榨咪哆蹦俏痪邋遢蛊琐睽虏靶颠嗞拢啃谕嗬讧儆锯刁鸦锈婶纱络庙辅踮赎袜滩县询饪濒铭馒瘾啡咿掰哔济帐贤嘬桩驰驾汹墩岗捞驭鸽鸠飙讯蚂蚁叽喳玛萨觑潇蜗伞绘掐嗑帜秃呦揪财跄雏笼贱迁飒噢蔫删叼赵浇轴齁狮嚷纵烬嘁瘦辉农俱辫辙睐绯苍鲷贡兑啬濑嗓账纽铐鉴哝枫坝综鹃钞辘扪荚筹镳诽谤暧诨铲庐绰鹤浃榄焗飓呗蟑搪懵萦搔凳挪诈壳蓓馅嗖伟鹫瘀嘤龈斓衔",
    "remain": [
      " "
    ],
    "repeat": [
      "悪",
      "枠",
      "・",
      "仮",
      "戸",
      "俵",
      "竜",
      "勧"
    ]
  },
  "font_manager": {
    "enable": true,
    "resource_files": [
      "SIMLI.TTF"
    ],
    "spoof_enumeration": {
      "enable": false,
      "filter_pitch_and_family": 0,
      "filter_charset": 1,
      "spoof_charset": 128
    },
    "spoof_creation": {
      "enable": true,
      "override_face": "LiSu",
      "override_charset": 134
    }
  }
}