{
  "injector": {
    "enable": true,
    "print_loaded_modules": true,
	"load_modules": [
		"SBRioshiina.dll"
	]
  },
  "allocate_console": false,
  "tunnel_decoder": {
    "enable": false,
    "mapping": ""
  },
  "character_substitution": {
    "enable": true,
    "source_characters": "懃開槇麼髪鷭霊這齒嬌応樣鼕慮練習時間覚須堯雖導単動過協問題瑤総為諸給凜難満臉紅鯆鼈簡躍―脳話説詞龜対園貼純顕階専業術識鉤実別愛視堅鎖幇鶯現讓鋼鮖渾創驕預換醤級挙結還狢剛齣鶺擺頭緒駲語軽権関険囲興変態悪遙顧釈費鞁繊細離両親種們講湊詳靜経進歩鰰場嗚緋頬飄縷転驚竅嚇連飛電麭鶫検査構論続熱鮠詐負齡偸饐喪鵤漲絶験執紐該竪朶搶鉋規備歓訝認記憶麩並揚撥畢強約闖鬧聞帯組員慣縮楽義適鎬産響帰頂瀕臨廃風極継鰡達陣髱順鮮腫遠緊暈濺節蕩撃線際終囂瑩調鯔陰髮門伝亀処逹宮毎養閑齧揺纏傷拡張復蠎鋺試鳴緩確縦鵞嘆許漸穏納駆蹠繞蕋獲撫長僂圖縁貫潤錯暫誰厖討厭糾櫓撹澤烱鐔錚顫僅桜鷏圧縫請鄭東綻鷁繃鞆軟麁鞴鶸譽責弾鰤見喚鵺層覧禍頚簾掻寛環懐倣荅糘臥吶牽譴補唄黌鰛頼輩轢顯賽鷽餓倆減聯貧襲憊滾閃爍痙攣顔衵皺爾銘訓隊誤獸鉗頻証誘紋鳰閉鷹僥勢懲罰夾頓劇黨奮邊飽妬膩酘撲維噴袮驟淪儀側書鮹筆鄰邁絵鼇滲渋戯則雑膚鹹顳釿悩鷆銀絲襠飾異勁観賞嘗鑑厳計劃歳溝皷呑賛暢談藝秬課隠帥駁蒼鈬漬謝綿遅熾遶濁濃霑汚聖傾瀉鱇觧団鳥陽賀絞懇鋭懶尋議悶擣織騰運罷繼騎證積馬懸顛絡艶擠鈎濫鏈嫻値倫戸襯貪贐擾齊謂煩哢蘇鈑鱗壷跼鼡奨鐘報遺驗渇钁搾輾髞焼橢圓軌駮逓撓錺閖窩戰巓筅笶棗鶏攅寧瘋擬瞞買鰆較槍猟鞦鞐詢翹賠諠譌焔闍質鴾卍紀統選項晩車類録設鹽務龍飲喩淨職竄鑚麗脹鏥鮓潔銛豐領飃訪華庁鶇訴輌鰊粛護餽飯塊澆徹賜訣閧雛諡鉱浹甃鑢鴃読誂賭疂誕婦畳冊貴髣魚腸標喞邏輯栲載煙師橋潰諒誠漢樹麌侶謌灘貍瀝嘩蠑窪諍優輪脩叢鈴篭労詣霧頑鍵盤鈕罵躱萓襾錢摯朧釐醫夥軣編虧譜",
    "target_characters": "嘞开吧么发姬灵这份娇应样啦虑练习时间觉须啊虽导单动过协问题她总为诸给你难满脸红趴桌简跃—脑话说词吗对园贴纯显阶专业术识够实别爱视坚锁帮哎现让钢凳浑创骄预换酱级举结还诶刚沉嗯摆头绪咧语轻权关险围兴变态恶呢顾释费舔纤细离两亲种们讲凑详噗经进步糕场呜绯颊飘缕转惊窍吓连飞电碰喂检查构论续热啪眨负办偷瞄丧唉涨绝验执扭该竖朵抢跑规备欢讶认记忆傻拼扬拨毕强约闯闹闻带组员惯缩乐义适搞产响归顶濒临废风极继咕达阵烫顺鲜肿远紧晕溅节荡击线际终嚣莹调咦阴咚门传龟处捅宫每养闲哪摇缠伤扩张复剐蹭试鸣缓确纵撑叹许渐稳纳驱搐绕咿获抚长搂图缘贯润错暂谁庞讨厌纠噜搅泽啵呃挣颤仅樱丢压缝请郑东绽裤绷瘫软躺瘾扯蓓责弹哟见唤盯层览祸颈帘搔宽环怀仿唰噙卧呐牵谴补呗妮耍赖辈啰嗦赛哼饿俩减联贫袭惫滚闪烁痉挛颜咻皱尔铭训队误兽钳频证诱纹砸闭鹰侥势惩罚夹顿剧奶奋边饱妒腻缰扑维喷蘸骤沦仪侧书撇笔另迈绘厉渗涩戏则杂肤嘿噢嗒恼瞪银丝裆饰异劲观赏尝鉴严计划岁沟懂吞赞畅谈艺姣课隐帅驳苍踱渍谢绵迟炽愫浊浓玷污圣倾泻甩撬团鸟阳贺绞恳锐懒寻议闷捣织腾运罢娆骑惬积马悬颠络艳挤钩滥链娴值伦户衬贪妩扰咱谓烦咔苏扳鳞壶攥您奖钟报遗嘟渴氧榨辗膛烧椭圆轨揪递挠簌飕窝战巅囫囵枣鸡攒宁疯拟瞒买啥较枪猎渲掐询翘赔忐忑焰拽质啡肽纪统选项晚车类录设拖务咙饮喻净职窜钻丽胀抿眯洁哧丰领蹦访华厅嘻诉辆趟肃护捂饭块浇彻赐诀憋雏涣矿浃夯叽愣读掰赌怼诞妇叠呣贵筷鱼肠标唧逻辑烤载焗师桥溃谅诚汉树挡侣馋滩洼沥哗抠挖睁优轮臃丛铃笼劳诣雾顽键盘纽骂躲擞撅瞟挚胧疙瘩伙嗨编亏谱"
  },
  "locale_emulator": {
    "enable": false,
    "codepage": 932,
    "locale": 1041,
    "charset": 128,
    "timezone": "Tokyo Standard Time",
    "wait_for_exit": false
  },
  "font_manager": {
    "enable": true,
    "resource_files": [
      "WenQuanYi.ttf"
    ],
    "spoof_enumeration": {
      "enable": false,
      "filter_pitch_and_family": 0,
      "filter_charset": 1,
      "spoof_charset": 128
    },
    "spoof_creation": {
      "enable": true,
      "override_face": "WenQuanYi Micro Hei",
      "override_charset": 134
    }
  }
}