{
  "injector": {
    "enable": true,
    "print_loaded_modules": false
  },
  "allocate_console": true,
  "character_substitution": {
    "enable": true,
    "source_characters": "鍜達鶯―緤開結鶺顫転凜堯苙復樣変時動嘩鼕進終撃執見場歩楽鍵圖層検査槇請盤設備運統継続関風紀員嗚測試標題単聖籃優畢業過問髪這種換導鷽軣囲龜遙選擇為毎項剛齧邊現総覚類們麼還購約絵順顕預錯対誠醤話興奮別狢頭鶫緊補愛駲説讓歓瑤値経東鉋鵺態齡則師雖確実習幇齣専間奨簡鳧晩裃質焼誤極談臉認煩悩該適摂電視鰰両連満積熱賽響贏懃點澆銭貢際長鼇賓藍邏鬧傷魚務鎬団皷鯔鶲飯議馴給閉門読島許売廟喩爾絋鉄擱暫倉庫鵙計費倶組樹攤鉤伝聞閑飴買謝虧慣鵤識強厳堅絶逓媽蘰厠線討厭減膠産処語夥靜圧緩鹹術縁歴誰礎較鐔訣筆帯鵐義難鮮剤漿応嘗詞鰡櫓擣軟調脇蹠鷏衵節勢険鰤禍輪黨護純貪哢讌驚訝鄰麗餅鶏塊觸蘭腸栲鯣鷆維綫尢餓擾違規擺鞨澀塗緑僅圓記紅負責齒納隊臓練奪翹隠労張陰謀濺臨営薬窪撈倫噴墾鞁褻鵞橋級塩舗帳創養飽湯鮭毀編姪懐訴嚇診輸課諒挙瞞詳細劃戸・謂漸観飾勁斉釈饐淨戰烏鋭騙鍋廃須顧慮証揺離罵獸悪馬倆諍懲罰訓黴襲霊並戯脳鉐驗覩冊犠滲濃碼豐鰆講詐澤閃侶紐袙紙貴湊譜書雑賺絡訂喞麩蘿親憶嬌劇鑚窩軌齢闖軽鰊鐘罷鰾鱚掲隣漢偸報揀嚢麭靫絆亜擁灘莊貼贈鰄輩遠鷄揮尋銀紹魯徹蘇絲鐇鰛闊園掃鉛齊駁貨妬龕針渉縫絅襪駕車騎論苺賞塵潔悶衛餽陣資畳庁聯賛賠異飛羅釁郵頼嬰綻搶鷁驛環騒籬鼡頻権緒簒縮皺粛嘖遺遅膚頓栄鮠茲撲瘋鼈膩鮹濾鏡襯驫懶騰麌麁賦渋羈頂阨繞職驕鮨鮗轢顯績詛構傭剣藝鈕爺訪謹録鍛煉験躍銷孫鹽婦啓歯谺渇軍損豈洶阯鳴脹嘆誘躱鋺額牆陽騷歳飲諧協華舮萬匯儀癆憊糾櫃岡偽釘銹鋼爛敵館颪瑣鰈絞賀慶喪竜鬚滅唖鈴鱶墜夾繽紛縄辮貶殺釖農獲詢贅領誕諸帥諷賭撫憤漲鵁竰輛諾憂鶸轍潤萓釟饒閙頬縦鶇墳燉搾肭採閇貧鞐檸階雜濫鴾衆勝聡繕鑢鍄襍麥謡牽療懇錚懾寧鑿嘔鰺滌暈靉巒槍辯穏顔頑綜娯筴敗臥鈍綿趨偵呑慚擠寛甎監輌輳凍鰉爍體溌憫弾渾鞆朶慫慂喚蝦鎖艶簽鈎繃鏘貞傘鯲飄鴒頚禿攬驃側馼貿財済懸濘傾欄纏鱆郷窮縛獄債漁鬥鎮駛錣競顆猟鰮鏈銘鈔幣滾梱輯拡嶼儲掫艱汚謙薩扱霧焔嚶駆矯溝竪蕩裝災潰鶤叢撥靦輝陳蠑審閲鑞縺偉喬亀襠蟷烱濁倣觧織暢勧荅斬髮撹壷龍痺隴穢釿鴃熾髱繊諡痙攣蕋貫詩蝨鯆銛廏襾攅軸珎億贖閧竄朧鰕顛帰闘貍釐醫赱膰鵄殻詭濶鑰鷭囂謬參崗評揚鑒渦籌頸乕痩鉢吶歛刪鳰鋸鮓宮遜蓮頒諱霑窺處悧鞴鱈閖鱇綽鯉蝪祿鑑闢飃餒憲暁燦餔瀏覧謄驟輔鳥寵憚貎鯰鰒霤賃蕚鬨謎鈩艨頌償鰹鱧飼頤閣瓸賎鰌釣逹陸肬駐幟鬪唄摯瀕筍誂髣賢嶺販賄賂紮綾鯡漬蓚蝸錢犢馭瘡紳鯛蕪篭荊膿邁鱗麕跿藪眞駮蒼蝿顳塁蔔餌簾篩鑪詆銜紋誇飢轆髞獅涜頁懴闍紗瑪躪鋒鑼牋鑽賜筥鏥賊淪餡廂譖飆祕擬撓締嶄錦餞靭腫囈賻齦繼贐竅巓桜厖載糘鈑罠瀉",
    "target_characters": "钮达哎—咣开结嗯颤转你啊噔复样变时动哗啦进终击执见场步乐键图层检查吧请盘设备运统继续关风纪员呜测试标题单圣篮优毕业过问发这种换导哼嗨围吗呢选择为每项刚哪边现总觉类们么还购约绘顺显预错对诚酱话兴奋别诶头喂紧补爱咧说让欢她值经东跑盯态办则师虽确实习帮沉专间奖简谎晚卡质烧误极谈脸认烦恼该适摄电视糕两连满积热赛响赢嘞爸浇钱贡际长厉宾蓝逻闹伤鱼务搞团懂咦摔饭议驯给闭门读岛许卖庙喻尔逛铁搁暂仓库扔计费俱组树摊够传闻闲饴买谢亏惯唉识强严坚绝递妈喏厕线讨厌减胶产处语伙噗压缓嘿术缘历谁础较呃诀笔带吵义难鲜剂浆应尝词咕噜捣软调胁搐丢咻节势险哟祸轮奶护纯贪咔嚓惊讶另丽饼鸡块叼兰肠烤胳瞪维饪鱿饿扰违规摆嘎嘣涂绿仅圆记红负责份纳队脏练夺翘隐劳张阴谋溅临营药挖捞伦喷啃舔亵撑桥级盐铺帐创养饱汤鲑毁编侄怀诉吓诊输课谅举瞒详细划户·谓渐观饰劲齐释瞄净战乌锐骗锅废须顾虑证摇离骂兽恶马俩睁惩罚训霉袭灵拼戏脑刁嘟囔呣牺渗浓码丰啥讲眨泽闪侣扭帕纸贵凑谱书杂赚络订唧傻萝亲忆娇剧钻窝轨龄闯轻趟钟罢尴尬揭邻汉偷报捡囊碰茬绊亚拥滩螃贴赠棵辈远踢挥寻银绍鲁彻苏丝糙耍阔园扫铅咱驳货妒龛针涉缝纫袜驾车骑论呦赏尘洁闷卫捂阵资叠厅联赞赔异飞罗衅邮赖婴绽抢裤烘环骚篱您频权绪篡缩皱肃啧遗迟肤顿荣啪兹扑疯桌腻撇滤镜衬垫懒腾挡躺赋涩羁顶铲绕职骄垃圾啰嗦绩诅构佣剑艺纽爷访谨录锻炼验跃销孙拖妇启齿晾渴军损岂汹屉鸣胀叹诱躲蹭额墙阳拣岁饮谐协华涮腌汇仪唠惫纠柜冈伪钉锈钢烂敌馆觑琐砰绞贺庆丧龙碟灭哑铃嚷坠夹缤纷绳辫贬杀偎农获询赘领诞诸帅讽赌抚愤涨咖喱跤诺忧扯辙润擞扒饶喽颊纵嘻坟炖榨蘑踩讪贫掐拧阶唬滥啡众胜聪缮叽喳嘀丫谣牵疗恳挣慑宁凿呕账涤晕呸峦枪辩稳颜顽综娱呲败卧钝绵趋侦吞惭挤宽砖监辆揍冻媳烁啤泼悯弹浑瘫朵怂恿唤虾锁艳签钩绷锵贞伞咪飘脖颈秃拦镖侧眶贸财济悬泞倾栏缠绑乡穷缚狱债渔诈镇驶桨竞颗猎喔链铭钞币滚捆辑扩屿储烷艰污谦萨搪雾焰嘤驱矫沟竖荡媲灾溃砍丛拨腼辉陈抠审阅邋遢伟瞧龟裆柠啵浊仿撬织畅劝唰斩咚搅壶咙痹拢秽嗒愣炽烫纤涣痉挛咿贯诗哒趴哧嘬撅攒轴撸亿赎憋窜胧塌颠归陡洼疙瘩靶咂歧壳诡肮钥姬嚣谬掺岗评扬漩涡筹嚎啕瘦钵呐敛删砸锯眯宫逊莲颁讳玷窥窸窣瘾鳕飕甩绰鲤刨馍鉴呛蹦馁宪晓灿阱浏览誊骤辅鸟宠惮喵俏磕揽赁阂吱谜哆噶颂偿鲣煞饲颐阁碜贱嗓钓捅陆蹩驻帜桩呗挚濒罄掰筷贤岭贩贿赂钙绫鲱渍盹蜗瞟犊驭疮绅鲷芜笼荆脓迈鳞乔瘪梆酮揪苍蝇噢垒臊饵帘筛踹诋衔纹垮饥辘膛狮渎页忏拽纱玛躏锋锣儆婶赐嗝抿贼沦馅厢懵飙哔拟挠缔崭锦饯韧肿呓汩龈娆妩窍巅樱庞载噙扳卟泻",
    "remain": [
      "筿"
    ],
    "repeat": [
      "賓",
      "宮",
      "優",
      "聖",
      "買",
      "級",
      "員",
      "島",
      "東",
      "樹",
      "業",
      "節",
      "紀",
      "藍",
      "風",
      "親",
      "岡",
      "実",
      "師",
      "帯",
      "議",
      "馬",
      "誠",
      "頭",
      "営",
      "姉",
      "書",
      "購",
      "榊",
      "搾",
      "爺",
      "長"
    ]
  },
  "locale_emulator": {
    "enable": true,
    "codepage": 932,
    "locale": 1041,
    "charset": 128,
    "timezone": "Tokyo Standard Time",
    "wait_for_exit": false
  },
  "font_manager": {
    "enable": true,
    "resource_files": [
      "SIMLI.TTF"
    ],
    "spoof_enumeration": {
      "enable": false,
      "filter_pitch_and_family": 0,
      "filter_charset": 1,
      "spoof_charset": 128
    },
    "spoof_creation": {
      "enable": true,
      "override_face": "LiSu",
      "override_charset": 134
    }
  }
}